{"type":"FeatureCollection","features":[{"type":"Feature","properties":{"id":"DE-HE","name":"Hessen","countryCode":"DEU","country":"Germany"},"geometry":{"type":"MultiPolygon","coordinates":[[[[9.103,49.5775],[9.0973,49.5848],[9.0915,49.5886],[9.083,49.602],[9.0738,49.6008],[9.0664,49.6024],[9.0685,49.6093],[9.0651,49.6173],[9.0674,49.6212],[9.0801,49.6295],[9.0807,49.6323],[9.0859,49.6361],[9.0916,49.6352],[9.102,49.6422],[9.0993,49.6454],[9.0995,49.6531],[9.1034,49.6604],[9.0889,49.669],[9.0881,49.6896],[9.0896,49.6933],[9.0942,49.6959],[9.1191,49.698],[9.1261,49.7],[9.1281,49.703],[9.1225,49.7148],[9.1301,49.7147],[9.1345,49.7167],[9.1363,49.724],[9.1411,49.7295],[9.1445,49.7378],[9.1508,49.7429],[9.1432,49.7451],[9.1449,49.7476],[9.1278,49.7552],[9.1123,49.7566],[9.1069,49.7587],[9.1136,49.7679],[9.1118,49.7695],[9.1134,49.7737],[9.1272,49.7765],[9.1345,49.7822],[9.1291,49.7877],[9.1294,49.7942],[9.1317,49.7949],[9.1081,49.798],[9.0942,49.7901],[9.0909,49.7907],[9.0859,49.8071],[9.077,49.8182],[9.0816,49.8241],[9.0867,49.8264],[9.0856,49.829],[9.0831,49.8296],[9.0828,49.833],[9.0775,49.8346],[9.081,49.8383],[9.0901,49.841],[9.0847,49.8475],[9.0713,49.8363],[9.0702,49.8333],[9.064,49.8318],[9.058,49.8326],[9.0562,49.8346],[9.0598,49.8407],[9.0584,49.8414],[9.0539,49.8391],[9.0528,49.84],[9.0548,49.843],[9.0607,49.8451],[9.0595,49.847],[9.0531,49.8458],[9.0492,49.8424],[9.0454,49.8423],[9.0432,49.8441],[9.0414,49.8401],[9.0377,49.8426],[9.0361,49.8465],[9.0408,49.8475],[9.0437,49.8555],[9.0338,49.8604],[9.0333,49.8665],[9.0366,49.8673],[9.0383,49.8656],[9.0435,49.8679],[9.0482,49.8662],[9.0505,49.8676],[9.0384,49.8762],[9.0356,49.8993],[9.0312,49.9013],[9.0325,49.9045],[9.03,49.9059],[9.0319,49.9094],[9.0234,49.9101],[9.0323,49.9247],[9.0294,49.9274],[9.0254,49.9456],[9.019,49.9471],[9.0264,49.9551],[9.0186,49.9784],[9.02,49.9786],[9.0201,49.9859],[9.0157,49.989],[9.0173,49.9941],[9.023,49.9971],[9.0302,49.9906],[9.0461,49.99],[9.0488,49.9923],[9.0432,49.9983],[9.04,49.9986],[9.0355,50.0018],[9.0361,50.0082],[9.0398,50.0104],[9.031,50.0201],[9.0313,50.0396],[9.0254,50.043],[9.0123,50.046],[8.9854,50.0417],[8.9792,50.0442],[8.9765,50.0472],[8.9766,50.0522],[8.9842,50.0581],[8.9906,50.0671],[8.9933,50.0663],[8.9993,50.0694],[8.9974,50.0916],[9.0001,50.0947],[9.0043,50.097],[9.0183,50.1116],[9.0467,50.1159],[9.0653,50.117],[9.0713,50.1194],[9.0773,50.1159],[9.0893,50.1168],[9.0947,50.1202],[9.0982,50.1264],[9.1175,50.1266],[9.1215,50.1261],[9.145,50.1141],[9.1536,50.1179],[9.1564,50.112],[9.1544,50.1074],[9.15,50.1049],[9.1434,50.097],[9.1492,50.0906],[9.1625,50.0982],[9.1587,50.1001],[9.1667,50.1089],[9.175,50.1142],[9.1731,50.1163],[9.1746,50.1195],[9.1916,50.1275],[9.19,50.1316],[9.1833,50.1379],[9.194,50.1386],[9.1977,50.1407],[9.2102,50.143],[9.2115,50.1466],[9.219,50.1468],[9.2219,50.1494],[9.227,50.1473],[9.236,50.1463],[9.2526,50.1395],[9.2659,50.1393],[9.2739,50.1427],[9.2859,50.1417],[9.3076,50.1334],[9.3154,50.1356],[9.3232,50.1405],[9.3274,50.1411],[9.3362,50.1369],[9.3416,50.1313],[9.3736,50.131],[9.3756,50.1297],[9.3758,50.1259],[9.3849,50.1159],[9.3945,50.0975],[9.405,50.0877],[9.4131,50.0841],[9.4236,50.0856],[9.4359,50.085],[9.445,50.09],[9.4597,50.0899],[9.4782,50.0948],[9.4951,50.0948],[9.5,50.0973],[9.5125,50.0944],[9.5127,50.0994],[9.5192,50.1058],[9.5193,50.114],[9.51,50.1316],[9.5076,50.1456],[9.5102,50.1481],[9.5218,50.15],[9.5312,50.1608],[9.5282,50.1681],[9.517,50.1675],[9.5051,50.1693],[9.4981,50.1755],[9.5012,50.1823],[9.501,50.1882],[9.5027,50.1885],[9.5015,50.193],[9.5081,50.1953],[9.5131,50.194],[9.5156,50.1953],[9.5162,50.1996],[9.5106,50.2019],[9.5071,50.2071],[9.5036,50.2086],[9.5021,50.2123],[9.5053,50.2145],[9.5026,50.2203],[9.4948,50.2267],[9.5015,50.2384],[9.4987,50.24],[9.5012,50.2435],[9.5144,50.2341],[9.5335,50.2345],[9.5372,50.2322],[9.5384,50.2264],[9.542,50.2243],[9.5505,50.2282],[9.5763,50.2324],[9.5829,50.2215],[9.5943,50.2248],[9.5962,50.2227],[9.6044,50.2219],[9.6138,50.2248],[9.6152,50.2227],[9.6216,50.2231],[9.6233,50.2257],[9.6204,50.2275],[9.6358,50.2352],[9.6469,50.235],[9.6537,50.2323],[9.6636,50.2337],[9.6682,50.2394],[9.6495,50.2462],[9.639,50.2484],[9.6368,50.2514],[9.6435,50.2551],[9.6421,50.2573],[9.6456,50.2587],[9.6524,50.2697],[9.6558,50.2717],[9.665,50.2712],[9.681,50.2782],[9.6904,50.2776],[9.7034,50.2808],[9.7132,50.2917],[9.7208,50.292],[9.7197,50.2951],[9.7249,50.2946],[9.73,50.2962],[9.7303,50.2979],[9.7391,50.3026],[9.7396,50.3063],[9.7459,50.3104],[9.7477,50.3144],[9.7444,50.3176],[9.7442,50.321],[9.7469,50.3217],[9.7489,50.3252],[9.7444,50.3284],[9.7443,50.3312],[9.7474,50.3412],[9.7399,50.3497],[9.7332,50.3518],[9.7329,50.3561],[9.7433,50.3622],[9.7462,50.3662],[9.7444,50.3717],[9.7545,50.3869],[9.7542,50.3914],[9.7593,50.4024],[9.7511,50.4136],[9.7621,50.4259],[9.7719,50.4249],[9.7802,50.4184],[9.7894,50.4251],[9.8075,50.4226],[9.8113,50.4171],[9.808,50.4124],[9.8135,50.413],[9.8245,50.4053],[9.8257,50.4068],[9.8384,50.4055],[9.8498,50.3987],[9.8512,50.3996],[9.86,50.3975],[9.87,50.4093],[9.8733,50.409],[9.8772,50.4029],[9.8831,50.3989],[9.8904,50.4029],[9.901,50.4038],[9.91,50.4088],[9.919,50.4106],[9.9267,50.4165],[9.9434,50.4233],[9.9578,50.4232],[9.9627,50.4265],[9.9621,50.4292],[9.9668,50.4345],[9.9729,50.4365],[9.9786,50.4421],[9.9855,50.4434],[9.99,50.4471],[9.9975,50.461],[10.0051,50.4642],[10.0183,50.4665],[10.022,50.4755],[10.0335,50.4811],[10.032,50.4864],[10.0364,50.4874],[10.0344,50.4901],[10.0412,50.4952],[10.0371,50.5],[10.0419,50.5077],[10.0398,50.514],[10.0413,50.5165],[10.0425,50.5219],[10.0392,50.5244],[10.0383,50.529],[10.0397,50.5326],[10.0479,50.5394],[10.0472,50.5455],[10.0569,50.5547],[10.0618,50.5567],[10.0525,50.5611],[10.0464,50.5713],[10.0463,50.5815],[10.0498,50.5847],[10.0476,50.594],[10.0488,50.5986],[10.0403,50.6045],[10.0372,50.6129],[10.0478,50.6195],[10.0455,50.6212],[10.05,50.6238],[10.0552,50.6239],[10.0575,50.6261],[10.0672,50.6241],[10.068,50.6219],[10.0723,50.6196],[10.081,50.62],[10.083,50.6337],[10.0786,50.6347],[10.0796,50.636],[10.074,50.6432],[10.07,50.6559],[10.0576,50.6648],[10.054,50.6712],[10.0489,50.6739],[10.0314,50.6755],[10.0214,50.673],[10.002,50.6766],[9.9895,50.6746],[9.9771,50.6684],[9.9747,50.6687],[9.9736,50.6659],[9.9693,50.6675],[9.963,50.6665],[9.9607,50.6684],[9.958,50.6665],[9.9515,50.6659],[9.9476,50.6623],[9.9509,50.6603],[9.9497,50.6559],[9.9689,50.6413],[9.9603,50.6355],[9.9607,50.6295],[9.9459,50.6268],[9.9401,50.6287],[9.9297,50.629],[9.9221,50.6345],[9.9161,50.6366],[9.9104,50.6363],[9.9061,50.6404],[9.8997,50.6371],[9.8861,50.6339],[9.8786,50.6348],[9.8773,50.6387],[9.878,50.6443],[9.8842,50.6508],[9.8846,50.6551],[9.8796,50.6665],[9.8828,50.6725],[9.8813,50.6734],[9.8886,50.6769],[9.8947,50.6837],[9.899,50.6824],[9.9062,50.6842],[9.9127,50.6883],[9.9121,50.6908],[9.9145,50.6914],[9.9155,50.6937],[9.924,50.6951],[9.9203,50.6978],[9.9107,50.7007],[9.9089,50.7045],[9.9118,50.7087],[9.9352,50.7241],[9.9343,50.7263],[9.9379,50.7329],[9.9358,50.734],[9.9415,50.7391],[9.9414,50.7418],[9.941,50.7434],[9.9386,50.7437],[9.9404,50.7477],[9.9396,50.7559],[9.9338,50.7575],[9.9266,50.7566],[9.9201,50.7596],[9.9289,50.7696],[9.9255,50.7747],[9.9284,50.7766],[9.9309,50.7771],[9.9372,50.7741],[9.9382,50.7756],[9.9417,50.7752],[9.9454,50.7789],[9.9487,50.7787],[9.9433,50.7712],[9.9501,50.7718],[9.9521,50.7733],[9.9519,50.7776],[9.9541,50.7794],[9.9498,50.7804],[9.9551,50.7856],[9.9494,50.7882],[9.9441,50.7942],[9.9436,50.7977],[9.9456,50.8013],[9.9567,50.8096],[9.9547,50.811],[9.9574,50.8124],[9.9564,50.8161],[9.9502,50.8152],[9.9523,50.8214],[9.9668,50.8267],[9.9768,50.8333],[9.9821,50.8313],[9.9843,50.8319],[9.9838,50.8296],[9.9877,50.8283],[9.9915,50.8283],[9.9919,50.8296],[9.9946,50.8258],[9.998,50.8265],[9.9976,50.8277],[10.0019,50.8289],[10.003,50.8339],[10.0068,50.8377],[10.0099,50.8352],[10.0231,50.8316],[10.0285,50.8358],[10.0268,50.8413],[10.0345,50.8427],[10.034,50.8447],[10.0378,50.8453],[10.0359,50.8473],[10.0386,50.8531],[10.036,50.8539],[10.0219,50.8479],[10.0187,50.8557],[10.0219,50.8645],[10.0243,50.8672],[10.0332,50.8694],[10.039,50.8738],[10.056,50.8798],[10.0588,50.8828],[10.0566,50.8835],[10.0571,50.8854],[10.0598,50.8854],[10.0562,50.8874],[10.0584,50.8902],[10.0525,50.8926],[10.0535,50.8901],[10.0497,50.8911],[10.0479,50.8888],[10.042,50.8933],[10.0468,50.8953],[10.0472,50.8978],[10.051,50.8984],[10.0509,50.9001],[10.0407,50.9015],[10.0384,50.9034],[10.0399,50.9043],[10.034,50.9088],[10.035,50.91],[10.0249,50.9118],[10.0247,50.9145],[10.0162,50.9175],[10.0156,50.9206],[10.0111,50.92],[10.0037,50.9216],[9.9891,50.9132],[9.9853,50.9102],[9.9845,50.907],[9.9782,50.9053],[9.9715,50.9074],[9.9684,50.9109],[9.9696,50.9135],[9.9804,50.9206],[9.9819,50.9199],[9.9858,50.9246],[9.9857,50.9279],[9.9877,50.9278],[9.9886,50.9331],[9.992,50.9345],[9.9749,50.9317],[9.9656,50.9336],[9.9636,50.931],[9.9661,50.9288],[9.9571,50.9226],[9.9497,50.9265],[9.9533,50.9277],[9.9566,50.9337],[9.9501,50.9423],[9.9637,50.9428],[9.9683,50.9413],[9.9751,50.9434],[9.9751,50.9421],[9.9809,50.9407],[9.9821,50.9391],[9.9874,50.9417],[9.9916,50.9409],[9.9894,50.9429],[9.991,50.9436],[9.9981,50.9394],[9.9993,50.9366],[10.0034,50.9406],[10.0136,50.9347],[10.0176,50.9371],[10.0166,50.9396],[10.0243,50.9411],[10.0249,50.9438],[10.0273,50.9434],[10.0294,50.9381],[10.0536,50.9398],[10.0623,50.9438],[10.0639,50.9454],[10.0612,50.948],[10.0479,50.9461],[10.048,50.9475],[10.043,50.9485],[10.043,50.9498],[10.0457,50.9503],[10.042,50.9572],[10.0322,50.9596],[10.0409,50.9675],[10.0334,50.9714],[10.0319,50.9742],[10.0243,50.9762],[10.0195,50.9807],[10.0238,50.9854],[10.0211,50.9939],[10.0283,51.003],[10.0277,51.0065],[10.0324,51.011],[10.0364,51.0124],[10.0536,51.0132],[10.0657,51.0094],[10.0735,51.0114],[10.0943,51.0074],[10.1035,51.0034],[10.1083,51.0092],[10.1208,51.0117],[10.1283,51.0089],[10.1331,51.0048],[10.1274,51.0015],[10.1278,50.9999],[10.1319,50.9986],[10.1316,50.9969],[10.1469,50.9938],[10.1658,50.9975],[10.1691,51.0019],[10.1733,51.0001],[10.1696,50.9985],[10.171,50.9962],[10.1744,50.9986],[10.1782,50.996],[10.1813,50.9984],[10.1908,50.9991],[10.1922,51.002],[10.1957,51.0021],[10.197,51.0066],[10.2029,51.0081],[10.2012,51.0139],[10.1938,51.016],[10.1926,51.0185],[10.1954,51.0209],[10.2031,51.0186],[10.2042,51.0202],[10.2086,51.019],[10.2152,51.0264],[10.2029,51.0316],[10.2047,51.0348],[10.1985,51.0386],[10.1988,51.0401],[10.1848,51.0457],[10.1847,51.049],[10.1816,51.048],[10.1711,51.0492],[10.1602,51.0534],[10.1465,51.0551],[10.1406,51.0585],[10.1408,51.0604],[10.147,51.0614],[10.1443,51.066],[10.1552,51.0704],[10.151,51.0729],[10.1513,51.078],[10.1468,51.0821],[10.1481,51.0837],[10.1447,51.0848],[10.1559,51.0932],[10.1571,51.0963],[10.1657,51.0995],[10.164,51.1031],[10.1591,51.1052],[10.1604,51.1081],[10.1672,51.1081],[10.1721,51.1054],[10.1755,51.1069],[10.1757,51.1095],[10.1733,51.1113],[10.1746,51.1169],[10.1703,51.1189],[10.1538,51.1185],[10.1492,51.1204],[10.1462,51.1258],[10.14,51.1247],[10.1397,51.1276],[10.1308,51.1352],[10.1291,51.1345],[10.1264,51.1366],[10.1207,51.1369],[10.1183,51.1396],[10.1278,51.1438],[10.1257,51.1463],[10.1466,51.1446],[10.1526,51.1487],[10.1576,51.148],[10.1687,51.1533],[10.1763,51.1473],[10.1775,51.1417],[10.1849,51.1411],[10.1859,51.1384],[10.1834,51.1379],[10.1852,51.1325],[10.1785,51.1308],[10.1792,51.1276],[10.1896,51.122],[10.1895,51.1168],[10.2,51.113],[10.2074,51.1168],[10.2066,51.1181],[10.2093,51.1182],[10.2062,51.1221],[10.2107,51.1229],[10.2107,51.126],[10.2057,51.1273],[10.2038,51.1357],[10.2107,51.1425],[10.2004,51.1499],[10.2078,51.1548],[10.2073,51.1649],[10.2298,51.1749],[10.2334,51.1789],[10.2358,51.1867],[10.2305,51.1881],[10.2202,51.1857],[10.2141,51.187],[10.2113,51.1904],[10.197,51.1921],[10.1955,51.194],[10.197,51.1965],[10.1877,51.2042],[10.1775,51.2096],[10.1684,51.2122],[10.1641,51.212],[10.1606,51.2083],[10.1498,51.2062],[10.1438,51.2129],[10.1428,51.2172],[10.1454,51.2181],[10.1384,51.2201],[10.1363,51.2181],[10.1292,51.2191],[10.1132,51.2152],[10.1111,51.2195],[10.1063,51.2216],[10.0935,51.2215],[10.0903,51.2267],[10.0764,51.2237],[10.0687,51.2266],[10.0671,51.2278],[10.0708,51.2381],[10.079,51.2428],[10.0691,51.2438],[10.0665,51.2456],[10.0691,51.2467],[10.0676,51.2489],[10.0619,51.2526],[10.0543,51.2545],[10.0507,51.2546],[10.048,51.2521],[10.047,51.2534],[10.0501,51.2587],[10.0471,51.2595],[10.0466,51.2645],[10.0504,51.2651],[10.0525,51.2676],[10.0547,51.2663],[10.0575,51.2677],[10.0601,51.2737],[10.0599,51.2759],[10.0537,51.279],[10.0493,51.2777],[10.0414,51.2804],[10.03,51.2779],[10.0239,51.282],[10.0103,51.2835],[10.0043,51.287],[9.9973,51.2849],[9.9913,51.2866],[9.9834,51.2833],[9.972,51.2849],[9.9764,51.2912],[9.9705,51.2947],[9.9699,51.3003],[9.9597,51.3049],[9.9463,51.3031],[9.9394,51.3074],[9.9492,51.3182],[9.9434,51.3345],[9.9299,51.34],[9.9328,51.346],[9.9303,51.3478],[9.93,51.3514],[9.9255,51.3538],[9.9233,51.368],[9.9255,51.3721],[9.9283,51.3724],[9.9283,51.3753],[9.9266,51.3763],[9.9329,51.3806],[9.9303,51.3857],[9.9311,51.3927],[9.9279,51.3927],[9.9273,51.3954],[9.907,51.4077],[9.9057,51.4099],[9.9134,51.4106],[9.9091,51.4139],[9.906,51.4211],[9.8993,51.4165],[9.8986,51.4174],[9.8832,51.415],[9.8846,51.4102],[9.8811,51.4073],[9.8812,51.405],[9.8783,51.4045],[9.8685,51.4138],[9.8656,51.4126],[9.8652,51.4147],[9.8561,51.4132],[9.8561,51.4146],[9.8507,51.4144],[9.8538,51.4104],[9.8505,51.4014],[9.8577,51.3945],[9.8607,51.3943],[9.8559,51.3848],[9.8601,51.3813],[9.8594,51.3792],[9.868,51.3749],[9.8678,51.3726],[9.8653,51.3716],[9.8532,51.3722],[9.8401,51.3836],[9.8418,51.3879],[9.8393,51.391],[9.8406,51.4026],[9.8338,51.4025],[9.8322,51.4033],[9.8338,51.404],[9.8297,51.4042],[9.8215,51.41],[9.8035,51.4104],[9.7971,51.4084],[9.7941,51.4072],[9.7928,51.4014],[9.7965,51.3981],[9.8001,51.3992],[9.8015,51.3869],[9.7969,51.386],[9.7942,51.3884],[9.784,51.3892],[9.7659,51.386],[9.7566,51.3823],[9.7523,51.3747],[9.7455,51.3732],[9.7385,51.3692],[9.7316,51.3684],[9.726,51.3708],[9.7232,51.3705],[9.7021,51.3646],[9.704,51.3581],[9.7129,51.3551],[9.7143,51.352],[9.7206,51.3485],[9.727,51.3408],[9.7274,51.3364],[9.7368,51.329],[9.7359,51.3224],[9.7382,51.3194],[9.7454,51.319],[9.7565,51.3287],[9.7683,51.3325],[9.7642,51.3336],[9.7631,51.3362],[9.7725,51.3363],[9.7706,51.3305],[9.7635,51.3253],[9.7656,51.3244],[9.7724,51.3293],[9.7736,51.3288],[9.7703,51.3254],[9.7733,51.3269],[9.7752,51.3252],[9.7682,51.3067],[9.7611,51.3056],[9.7323,51.2952],[9.7304,51.2975],[9.7202,51.2986],[9.7087,51.3038],[9.7,51.3044],[9.6955,51.307],[9.6877,51.3079],[9.6865,51.3104],[9.6789,51.311],[9.6752,51.3157],[9.6694,51.3177],[9.668,51.3162],[9.6643,51.3166],[9.6622,51.3117],[9.6457,51.3166],[9.6434,51.3145],[9.6387,51.3149],[9.6358,51.3171],[9.6345,51.3116],[9.6285,51.3119],[9.6298,51.321],[9.6329,51.3244],[9.6374,51.3215],[9.6385,51.3224],[9.6334,51.3259],[9.6172,51.3279],[9.61,51.3256],[9.6044,51.3256],[9.606,51.3277],[9.6018,51.3277],[9.5949,51.3346],[9.584,51.3384],[9.5817,51.3422],[9.568,51.34],[9.5588,51.3477],[9.5558,51.3545],[9.5484,51.359],[9.5501,51.3619],[9.5588,51.3604],[9.5676,51.3616],[9.577,51.3696],[9.575,51.3725],[9.5603,51.3756],[9.5596,51.3807],[9.564,51.387],[9.574,51.3921],[9.5793,51.4018],[9.5883,51.4025],[9.5913,51.3984],[9.5941,51.398],[9.6099,51.4048],[9.61,51.4078],[9.6306,51.4061],[9.6289,51.4089],[9.6311,51.4116],[9.6334,51.4114],[9.6406,51.415],[9.6436,51.4183],[9.6343,51.4261],[9.6316,51.4326],[9.6325,51.4359],[9.6276,51.4442],[9.6286,51.451],[9.6308,51.453],[9.6301,51.4582],[9.643,51.466],[9.6438,51.4692],[9.6399,51.4732],[9.6281,51.4756],[9.6196,51.481],[9.6097,51.4911],[9.597,51.5086],[9.5861,51.5165],[9.5863,51.5193],[9.5925,51.5234],[9.601,51.5211],[9.608,51.5219],[9.6188,51.5301],[9.622,51.5419],[9.6143,51.5477],[9.6093,51.5569],[9.6129,51.5579],[9.6224,51.5487],[9.6342,51.5511],[9.6443,51.5507],[9.6478,51.5525],[9.645,51.5594],[9.6364,51.5589],[9.6284,51.5672],[9.6252,51.5737],[9.6268,51.582],[9.634,51.5845],[9.6449,51.5822],[9.6448,51.5802],[9.6494,51.5798],[9.6601,51.5727],[9.6724,51.5684],[9.684,51.5665],[9.6909,51.5763],[9.6798,51.588],[9.6787,51.587],[9.6723,51.5874],[9.6686,51.5917],[9.6611,51.593],[9.6495,51.6063],[9.6378,51.6088],[9.6366,51.6234],[9.6304,51.6249],[9.6322,51.626],[9.6271,51.629],[9.6316,51.6342],[9.626,51.6369],[9.6175,51.6339],[9.6161,51.6346],[9.6143,51.6315],[9.6096,51.6296],[9.5924,51.6285],[9.5865,51.626],[9.5808,51.6272],[9.5707,51.6247],[9.5652,51.6254],[9.5612,51.6294],[9.5594,51.6292],[9.5606,51.6306],[9.5535,51.6373],[9.5436,51.6399],[9.5306,51.6293],[9.5239,51.6264],[9.515,51.6263],[9.5071,51.6272],[9.4976,51.6306],[9.4919,51.6347],[9.4926,51.6412],[9.4986,51.6514],[9.4978,51.6552],[9.4946,51.6574],[9.4688,51.6542],[9.4533,51.6457],[9.4506,51.6479],[9.4405,51.6504],[9.437,51.6482],[9.4449,51.6442],[9.4267,51.6308],[9.3989,51.6263],[9.3985,51.6246],[9.3904,51.6267],[9.3783,51.6267],[9.3719,51.6256],[9.3713,51.6192],[9.358,51.6203],[9.3371,51.6147],[9.337,51.612],[9.3497,51.6043],[9.3563,51.5977],[9.3706,51.5941],[9.3735,51.591],[9.3693,51.5911],[9.3653,51.585],[9.3522,51.5801],[9.3475,51.5757],[9.3461,51.5703],[9.3383,51.5656],[9.3356,51.56],[9.3311,51.5568],[9.3251,51.5534],[9.317,51.5524],[9.32,51.5468],[9.3187,51.5442],[9.316,51.5436],[9.3168,51.5408],[9.3143,51.5376],[9.3111,51.5373],[9.31,51.5309],[9.3149,51.5272],[9.3159,51.523],[9.3103,51.5189],[9.3083,51.5126],[9.303,51.5121],[9.3,51.5147],[9.2869,51.5155],[9.2823,51.5144],[9.2758,51.5113],[9.2728,51.5075],[9.2694,51.5071],[9.2643,51.4979],[9.2568,51.4989],[9.2421,51.4977],[9.2367,51.4924],[9.2398,51.4909],[9.2285,51.4907],[9.2274,51.4889],[9.2252,51.4898],[9.2233,51.485],[9.2166,51.4812],[9.219,51.4727],[9.2165,51.4596],[9.1851,51.4663],[9.1744,51.4629],[9.1745,51.4607],[9.1626,51.45],[9.1616,51.4442],[9.1584,51.4431],[9.1493,51.442],[9.1357,51.4502],[9.1318,51.4463],[9.1026,51.4432],[9.0943,51.4446],[9.0864,51.4491],[9.0847,51.4564],[9.0869,51.4612],[9.0772,51.4649],[9.0921,51.4873],[9.0923,51.4944],[9.0765,51.5035],[9.0669,51.4993],[9.0607,51.4987],[9.0575,51.5025],[9.0393,51.5019],[9.024,51.5113],[9.0229,51.5172],[9.021,51.5186],[9.0176,51.5182],[9.0049,51.5124],[8.9743,51.5075],[8.9415,51.4998],[8.9275,51.4935],[8.9133,51.4916],[8.897,51.4859],[8.8904,51.4819],[8.8941,51.4712],[8.9107,51.4619],[8.9147,51.4556],[8.914,51.4526],[8.9166,51.4491],[8.9194,51.4491],[8.9197,51.446],[8.9218,51.4461],[8.92,51.443],[8.9219,51.4422],[8.9214,51.4399],[8.9182,51.4367],[8.9188,51.4303],[8.9342,51.4313],[8.9481,51.4282],[8.9454,51.4188],[8.9515,51.4135],[8.9502,51.4122],[8.9428,51.4119],[8.9408,51.4103],[8.9422,51.4064],[8.9403,51.403],[8.9431,51.3969],[8.9389,51.3936],[8.9395,51.3895],[8.9159,51.3928],[8.8896,51.3927],[8.8648,51.3806],[8.854,51.3771],[8.838,51.3833],[8.8366,51.3885],[8.8273,51.3852],[8.8234,51.3898],[8.8185,51.3887],[8.804,51.3908],[8.7818,51.3857],[8.7729,51.3854],[8.7603,51.3783],[8.74,51.3752],[8.7329,51.3724],[8.7163,51.3748],[8.7103,51.3742],[8.7005,51.3774],[8.6938,51.3768],[8.6774,51.3718],[8.6767,51.3705],[8.6835,51.3622],[8.6808,51.3595],[8.676,51.3596],[8.6719,51.3564],[8.6666,51.3557],[8.667,51.3526],[8.6623,51.3522],[8.6597,51.3484],[8.6556,51.3496],[8.6537,51.3398],[8.6438,51.3411],[8.6378,51.3436],[8.6211,51.3365],[8.6204,51.3309],[8.6175,51.3272],[8.6133,51.3274],[8.605,51.3237],[8.6032,51.3149],[8.5926,51.3039],[8.5881,51.303],[8.586,51.2982],[8.5664,51.2878],[8.5563,51.2775],[8.5678,51.2703],[8.5782,51.2675],[8.5853,51.257],[8.585,51.2546],[8.5936,51.2475],[8.6092,51.2467],[8.6254,51.2533],[8.6283,51.2605],[8.6414,51.2633],[8.6526,51.2635],[8.6679,51.2679],[8.68,51.2681],[8.6855,51.271],[8.6855,51.2738],[8.6926,51.2764],[8.6958,51.2743],[8.722,51.2737],[8.7236,51.2693],[8.7218,51.2677],[8.7366,51.2622],[8.7276,51.2501],[8.7314,51.2441],[8.7308,51.2401],[8.7382,51.2322],[8.7374,51.2281],[8.7417,51.2184],[8.75,51.2141],[8.7682,51.2089],[8.765,51.2039],[8.7574,51.2026],[8.7495,51.1977],[8.75,51.1815],[8.7582,51.1772],[8.7486,51.1725],[8.7484,51.1686],[8.7369,51.1639],[8.736,51.1605],[8.7177,51.1515],[8.7133,51.1517],[8.7076,51.1467],[8.7083,51.1455],[8.6943,51.1364],[8.6922,51.1328],[8.6919,51.1291],[8.6971,51.126],[8.6963,51.1235],[8.7008,51.1233],[8.7031,51.1192],[8.7017,51.1166],[8.7127,51.1175],[8.714,51.1161],[8.7188,51.1157],[8.7197,51.1103],[8.7069,51.1078],[8.6905,51.1092],[8.6566,51.0949],[8.6379,51.0964],[8.6206,51.1002],[8.6015,51.102],[8.5646,51.1017],[8.5584,51.1035],[8.551,51.1028],[8.5453,51.0972],[8.5405,51.096],[8.5281,51.097],[8.5226,51.0905],[8.5176,51.0911],[8.514,51.0869],[8.508,51.0854],[8.5017,51.0795],[8.5032,51.0746],[8.5069,51.0722],[8.5151,51.0716],[8.5222,51.069],[8.5276,51.0629],[8.5225,51.0538],[8.5197,51.0535],[8.5204,51.0501],[8.5159,51.0512],[8.5051,51.0414],[8.5098,51.0376],[8.5143,51.0388],[8.5166,51.0432],[8.5207,51.043],[8.5206,51.0408],[8.5251,51.0389],[8.5228,51.0363],[8.5256,51.0343],[8.5243,51.032],[8.5268,51.0297],[8.5313,51.0293],[8.5358,51.0222],[8.5346,51.0206],[8.5388,51.0194],[8.5306,51.0182],[8.5308,51.0138],[8.5246,51.0099],[8.5141,51.0092],[8.5166,51.0058],[8.5014,50.9985],[8.4958,50.9881],[8.4874,50.9855],[8.4734,50.975],[8.4779,50.969],[8.4692,50.969],[8.4597,50.9667],[8.4615,50.959],[8.4596,50.9523],[8.4623,50.9497],[8.4493,50.9411],[8.4505,50.933],[8.455,50.9305],[8.4545,50.9276],[8.4587,50.9211],[8.4564,50.9165],[8.4398,50.9161],[8.4334,50.9182],[8.4267,50.9125],[8.4059,50.9021],[8.4052,50.8997],[8.3967,50.8945],[8.388,50.8919],[8.3879,50.8798],[8.3856,50.8758],[8.3719,50.8743],[8.3666,50.8686],[8.3692,50.8646],[8.3586,50.8607],[8.3527,50.8654],[8.3455,50.8645],[8.3367,50.8657],[8.3198,50.8614],[8.3055,50.8611],[8.3051,50.8645],[8.3019,50.8658],[8.2919,50.8772],[8.292,50.8821],[8.2697,50.8819],[8.2613,50.8755],[8.2596,50.8713],[8.2433,50.8629],[8.2331,50.8553],[8.2313,50.8506],[8.2142,50.8416],[8.2088,50.8367],[8.1962,50.8329],[8.1828,50.8249],[8.1806,50.8201],[8.1739,50.8173],[8.1708,50.8083],[8.1658,50.8035],[8.1425,50.7946],[8.1384,50.7903],[8.1255,50.7884],[8.1294,50.7875],[8.1277,50.7864],[8.1317,50.777],[8.1417,50.7717],[8.1356,50.7672],[8.1434,50.7626],[8.1466,50.764],[8.1467,50.7625],[8.1518,50.7599],[8.1486,50.7559],[8.1526,50.7545],[8.1549,50.7483],[8.1579,50.7487],[8.1643,50.7445],[8.16,50.7427],[8.1649,50.7421],[8.1668,50.7357],[8.1662,50.7325],[8.159,50.7261],[8.1605,50.725],[8.1509,50.7133],[8.1504,50.7056],[8.1426,50.6954],[8.1374,50.694],[8.1313,50.6969],[8.1262,50.6926],[8.1258,50.6858],[8.1255,50.6828],[8.1197,50.6771],[8.1126,50.6756],[8.1102,50.6709],[8.1101,50.6573],[8.1238,50.6453],[8.1275,50.6451],[8.1265,50.6415],[8.1288,50.6385],[8.1409,50.6302],[8.1392,50.6295],[8.1414,50.6267],[8.1404,50.6244],[8.1378,50.6234],[8.1387,50.62],[8.1356,50.6195],[8.1377,50.6182],[8.126,50.6101],[8.128,50.6077],[8.1475,50.6021],[8.1493,50.5994],[8.1516,50.5994],[8.1522,50.5937],[8.1471,50.5821],[8.1402,50.572],[8.1397,50.5665],[8.1347,50.564],[8.1322,50.558],[8.1379,50.5509],[8.119,50.5485],[8.1165,50.5453],[8.1112,50.5437],[8.1108,50.5419],[8.1161,50.5386],[8.1209,50.5397],[8.1177,50.5345],[8.115,50.5358],[8.1054,50.5341],[8.1034,50.5326],[8.1008,50.5348],[8.0926,50.5367],[8.0907,50.5354],[8.0873,50.5385],[8.0769,50.5392],[8.0705,50.538],[8.069,50.5459],[8.0664,50.5489],[8.0493,50.5528],[8.0461,50.557],[8.0416,50.557],[8.0429,50.5538],[8.041,50.5526],[8.0284,50.5506],[8.0283,50.5445],[8.0145,50.535],[8.0111,50.5306],[8.0091,50.5295],[8.0046,50.5306],[7.9929,50.5221],[7.9966,50.5172],[7.9896,50.5131],[7.9829,50.5115],[7.99,50.4986],[7.9789,50.4954],[7.9812,50.4937],[7.9792,50.4846],[7.9821,50.4826],[7.9856,50.4826],[7.9875,50.4798],[7.9865,50.4751],[7.989,50.4755],[7.9877,50.4727],[7.9948,50.4706],[7.9946,50.4683],[7.9996,50.4631],[8.0105,50.4606],[8.0108,50.4527],[8.0075,50.4507],[8.0081,50.4488],[8.0001,50.4475],[8.001,50.4453],[7.9906,50.4439],[7.9894,50.4397],[7.9752,50.4376],[7.9751,50.4359],[7.9782,50.4343],[7.9828,50.436],[7.9881,50.4355],[7.989,50.4338],[7.9844,50.4323],[7.9878,50.4279],[7.9839,50.4259],[7.9812,50.418],[7.9749,50.4142],[7.9662,50.4152],[7.9642,50.4122],[7.9644,50.4102],[7.9694,50.4099],[7.9716,50.4062],[7.9783,50.4063],[7.9824,50.4081],[7.9896,50.401],[7.9843,50.399],[7.9872,50.3981],[7.9907,50.3995],[8.0052,50.3986],[8.0047,50.3998],[8.0075,50.3988],[8.0089,50.4006],[8.0238,50.4008],[8.021,50.3987],[8.0203,50.3861],[8.0146,50.3845],[8.0175,50.3828],[8.0336,50.3817],[8.0379,50.3825],[8.0398,50.386],[8.0426,50.3861],[8.0464,50.3787],[8.0485,50.3783],[8.0448,50.3758],[8.0461,50.3747],[8.0509,50.3795],[8.0535,50.3789],[8.051,50.3759],[8.0584,50.3733],[8.0598,50.3753],[8.0659,50.3672],[8.0673,50.3578],[8.07,50.3581],[8.0768,50.3484],[8.0767,50.3359],[8.0727,50.3343],[8.0719,50.3318],[8.0744,50.3294],[8.0822,50.3308],[8.089,50.3295],[8.0941,50.3303],[8.0936,50.3281],[8.0975,50.3266],[8.1027,50.327],[8.1025,50.3237],[8.1072,50.3216],[8.1024,50.3098],[8.1045,50.3093],[8.1043,50.307],[8.1111,50.3032],[8.1155,50.3028],[8.1186,50.2997],[8.1199,50.2931],[8.1228,50.2905],[8.1205,50.2892],[8.1228,50.287],[8.1198,50.283],[8.1219,50.2772],[8.1111,50.2707],[8.1068,50.2609],[8.1031,50.2598],[8.092,50.2652],[8.0837,50.2614],[8.079,50.261],[8.083,50.2659],[8.0747,50.2672],[8.0721,50.2732],[8.0671,50.272],[8.0642,50.2734],[8.057,50.2737],[8.0565,50.2727],[8.0529,50.2741],[8.0359,50.2712],[8.0358,50.2646],[8.0256,50.2617],[8.0217,50.2583],[8.0249,50.2542],[8.0315,50.256],[8.0379,50.2491],[8.035,50.2459],[8.0361,50.2451],[8.0385,50.2462],[8.0441,50.2425],[8.0494,50.2444],[8.0484,50.2407],[8.0589,50.2344],[8.0467,50.2276],[8.0442,50.2273],[8.0435,50.2296],[8.0397,50.2286],[8.0381,50.2269],[8.0408,50.2257],[8.0329,50.2208],[8.0369,50.2189],[8.0354,50.2157],[8.0118,50.218],[8.0115,50.2224],[8.0027,50.2244],[8.0064,50.2287],[8.0011,50.2288],[7.9935,50.2317],[7.9971,50.2362],[7.9911,50.2365],[7.9902,50.2387],[7.9868,50.2346],[7.9889,50.231],[7.9866,50.2281],[7.9778,50.225],[7.9738,50.2252],[7.9713,50.2225],[7.9602,50.22],[7.9531,50.2204],[7.9481,50.2176],[7.9516,50.2143],[7.9469,50.2118],[7.9474,50.2101],[7.9208,50.208],[7.9111,50.2037],[7.9078,50.2008],[7.9125,50.1964],[7.9102,50.1935],[7.8975,50.1891],[7.8907,50.1839],[7.8828,50.1813],[7.885,50.1762],[7.8872,50.1764],[7.8887,50.1737],[7.884,50.1696],[7.8924,50.1618],[7.9082,50.1563],[7.9116,50.1523],[7.9196,50.1478],[7.9329,50.1439],[7.9278,50.1412],[7.9225,50.1345],[7.9232,50.126],[7.9278,50.1191],[7.9246,50.115],[7.9253,50.1088],[7.9265,50.1051],[7.9301,50.1037],[7.9236,50.1035],[7.9232,50.1022],[7.9204,50.1037],[7.9198,50.1089],[7.9032,50.1216],[7.8974,50.1215],[7.8847,50.1144],[7.8813,50.1167],[7.8787,50.1156],[7.8753,50.1194],[7.8654,50.1209],[7.8652,50.1232],[7.86,50.1276],[7.854,50.1283],[7.8449,50.1235],[7.8431,50.1117],[7.8352,50.11],[7.8375,50.1085],[7.8346,50.1061],[7.8346,50.1037],[7.8385,50.1017],[7.8373,50.0997],[7.8313,50.0995],[7.8301,50.098],[7.8317,50.0955],[7.8301,50.0932],[7.8349,50.0953],[7.8368,50.0944],[7.8333,50.0923],[7.8392,50.0875],[7.8372,50.0841],[7.8272,50.0816],[7.8221,50.084],[7.8208,50.0814],[7.8168,50.0807],[7.8146,50.0834],[7.8035,50.0846],[7.7962,50.0766],[7.7871,50.072],[7.7876,50.0693],[7.7822,50.0666],[7.774,50.0665],[7.7725,50.0585],[7.7797,50.0511],[7.7922,50.0442],[7.8059,50.0393],[7.8294,50.0219],[7.8506,50.0139],[7.8579,50.0071],[7.8661,49.9805],[7.8781,49.9731],[7.8873,49.9718],[7.921,49.9744],[7.938,49.9739],[7.9674,49.9778],[8.0043,49.9896],[8.0364,50.0023],[8.0501,50.0049],[8.0796,50.0069],[8.1285,50.024],[8.145,50.0264],[8.1809,50.0352],[8.1965,50.035],[8.2364,50.0301],[8.2446,50.0276],[8.2724,50.0103],[8.2902,49.9935],[8.3077,49.9841],[8.3223,49.9736],[8.341,49.9511],[8.343,49.9405],[8.3534,49.92],[8.3547,49.9132],[8.3524,49.9059],[8.3436,49.8929],[8.344,49.8801],[8.3465,49.8748],[8.3575,49.8649],[8.3746,49.8616],[8.3836,49.8557],[8.3851,49.8482],[8.3783,49.8329],[8.3784,49.8248],[8.4061,49.7966],[8.4121,49.7867],[8.4163,49.7739],[8.4227,49.7687],[8.4292,49.7664],[8.4431,49.7657],[8.4696,49.7692],[8.475,49.768],[8.4792,49.7642],[8.4786,49.7582],[8.4551,49.7418],[8.4426,49.7263],[8.436,49.721],[8.4215,49.7157],[8.3947,49.7108],[8.3815,49.707],[8.3634,49.6986],[8.3573,49.6921],[8.3565,49.678],[8.3631,49.6663],[8.3696,49.6592],[8.382,49.6273],[8.3929,49.6153],[8.409,49.605],[8.4224,49.5834],[8.4298,49.5847],[8.4383,49.5839],[8.4405,49.5894],[8.446,49.5904],[8.4643,49.5895],[8.4758,49.5845],[8.4744,49.581],[8.4799,49.5786],[8.4799,49.5745],[8.495,49.573],[8.5263,49.548],[8.5324,49.5364],[8.5416,49.5286],[8.5509,49.5245],[8.5526,49.5205],[8.56,49.5175],[8.5731,49.5215],[8.5814,49.5198],[8.5843,49.5222],[8.5913,49.5213],[8.5979,49.5315],[8.608,49.5283],[8.6069,49.5335],[8.6109,49.5387],[8.6213,49.545],[8.6107,49.5644],[8.6032,49.5933],[8.5941,49.5928],[8.591,49.5959],[8.5893,49.6045],[8.5953,49.6055],[8.5939,49.6109],[8.6504,49.6209],[8.654,49.6184],[8.662,49.6213],[8.666,49.6213],[8.6703,49.6238],[8.6766,49.6245],[8.6779,49.6259],[8.6866,49.6227],[8.6923,49.6237],[8.6938,49.6194],[8.6903,49.6189],[8.6869,49.6163],[8.6884,49.6146],[8.6848,49.6142],[8.6832,49.6163],[8.6789,49.6139],[8.6793,49.6119],[8.6844,49.6101],[8.6848,49.613],[8.6869,49.6132],[8.6864,49.6085],[8.6778,49.609],[8.6773,49.6135],[8.673,49.6133],[8.6721,49.6112],[8.6745,49.6076],[8.68,49.6071],[8.6821,49.6035],[8.6915,49.6069],[8.6922,49.6035],[8.6955,49.6034],[8.698,49.5998],[8.6963,49.5921],[8.6835,49.5898],[8.6838,49.5774],[8.6813,49.577],[8.681,49.5755],[8.6847,49.5756],[8.6859,49.571],[8.6843,49.5702],[8.6931,49.5607],[8.6908,49.5556],[8.6986,49.549],[8.7039,49.55],[8.7058,49.548],[8.7038,49.5447],[8.7052,49.5393],[8.7027,49.5353],[8.707,49.5364],[8.7123,49.5317],[8.7152,49.5336],[8.7187,49.533],[8.7226,49.5311],[8.7212,49.5291],[8.7246,49.5259],[8.7298,49.5252],[8.7318,49.5262],[8.7359,49.5248],[8.7355,49.5213],[8.7249,49.5226],[8.7243,49.5211],[8.7267,49.521],[8.7277,49.5183],[8.7372,49.5193],[8.7404,49.5232],[8.7487,49.5224],[8.7642,49.5152],[8.7685,49.5154],[8.7721,49.518],[8.7768,49.5179],[8.7819,49.5147],[8.7918,49.5143],[8.7986,49.5117],[8.7966,49.5153],[8.7981,49.5185],[8.8092,49.5257],[8.8114,49.5268],[8.8152,49.5239],[8.8165,49.5256],[8.8219,49.5246],[8.8233,49.5237],[8.8187,49.5212],[8.821,49.5139],[8.817,49.5058],[8.8339,49.4907],[8.839,49.4938],[8.8394,49.4988],[8.8446,49.4984],[8.8449,49.5007],[8.8485,49.5022],[8.8568,49.5012],[8.8827,49.5061],[8.8924,49.5029],[8.8996,49.5037],[8.8968,49.4976],[8.8998,49.4944],[8.8994,49.4845],[8.8899,49.4793],[8.8899,49.4755],[8.8765,49.4667],[8.8682,49.4649],[8.8629,49.4667],[8.8663,49.4746],[8.86,49.4808],[8.8519,49.4836],[8.841,49.4756],[8.8369,49.4758],[8.8266,49.4693],[8.8235,49.4627],[8.8287,49.4609],[8.8346,49.4504],[8.8326,49.4367],[8.8367,49.4344],[8.8365,49.4302],[8.8305,49.4232],[8.825,49.4218],[8.8166,49.4232],[8.8066,49.4192],[8.8074,49.4107],[8.8015,49.4109],[8.8043,49.4069],[8.8083,49.4064],[8.8035,49.4036],[8.8084,49.402],[8.8146,49.3969],[8.8224,49.3956],[8.8304,49.4083],[8.8382,49.4054],[8.8457,49.3965],[8.8503,49.3954],[8.8546,49.3966],[8.8628,49.4021],[8.8727,49.4124],[8.8855,49.4167],[8.8924,49.4209],[8.9009,49.4434],[8.9047,49.4433],[8.9065,49.4393],[8.9126,49.4376],[8.9247,49.4413],[8.9274,49.4491],[8.9401,49.4503],[8.9503,49.455],[8.9415,49.4649],[8.9357,49.4655],[8.9319,49.4706],[8.9347,49.4726],[8.9346,49.4767],[8.9428,49.4857],[8.9546,49.482],[8.9506,49.4878],[8.952,49.4917],[8.9577,49.4955],[8.9512,49.5027],[8.9518,49.5056],[8.9635,49.5015],[8.968,49.5016],[8.9775,49.5034],[8.9792,49.5092],[8.9858,49.5103],[8.9876,49.5057],[8.9923,49.5034],[8.9978,49.5049],[9.0051,49.5042],[9.0082,49.5023],[9.0122,49.5027],[9.0142,49.4981],[9.0408,49.4991],[9.0422,49.5065],[9.0496,49.5136],[9.05,49.5194],[9.0561,49.522],[9.065,49.5296],[9.0697,49.5269],[9.0789,49.5249],[9.0839,49.5263],[9.0996,49.5262],[9.1016,49.5197],[9.1058,49.5165],[9.1061,49.5098],[9.1195,49.5122],[9.1264,49.5169],[9.1236,49.5198],[9.1265,49.5216],[9.1177,49.5279],[9.1138,49.5346],[9.1087,49.5365],[9.1052,49.5358],[9.1045,49.5381],[9.0996,49.5386],[9.0952,49.5415],[9.0844,49.543],[9.0874,49.5449],[9.0879,49.5507],[9.0722,49.5652],[9.0731,49.5749],[9.078,49.5748],[9.0826,49.5618],[9.0989,49.5606],[9.103,49.5775]]],[[[8.676,49.616],[8.686,49.6184],[8.6859,49.6217],[8.6806,49.6225],[8.678,49.6198],[8.6751,49.6211],[8.6719,49.6159],[8.676,49.616]],[[8.6821,49.6189],[8.6801,49.6187],[8.6801,49.6203],[8.6841,49.6202],[8.6821,49.6189]]]]}},{"type":"Feature","properties":{"id":"DE-SL","name":"Saarland","countryCode":"DEU","country":"Germany"},"geometry":{"type":"Polygon","coordinates":[[[6.3801,49.5511],[6.3606,49.536],[6.357,49.5313],[6.3675,49.5027],[6.369,49.4888],[6.3671,49.4695],[6.3714,49.4686],[6.375,49.4641],[6.3796,49.4645],[6.3799,49.4662],[6.3934,49.4641],[6.4084,49.4678],[6.4204,49.4764],[6.4291,49.4762],[6.4405,49.4667],[6.4431,49.4682],[6.4557,49.4627],[6.4646,49.4664],[6.4863,49.4516],[6.4994,49.4504],[6.5248,49.4354],[6.5344,49.4353],[6.538,49.4328],[6.5394,49.4337],[6.5508,49.4254],[6.5525,49.4213],[6.5574,49.4195],[6.5526,49.4169],[6.5486,49.4178],[6.5387,49.4122],[6.5374,49.4083],[6.5408,49.4013],[6.5442,49.4021],[6.5469,49.4003],[6.5521,49.3999],[6.5523,49.3942],[6.5601,49.3925],[6.5636,49.3881],[6.5768,49.3898],[6.5803,49.3855],[6.5867,49.3851],[6.5831,49.3684],[6.5945,49.3716],[6.5989,49.3692],[6.5996,49.3665],[6.6022,49.3671],[6.5958,49.3603],[6.5966,49.3593],[6.592,49.3582],[6.5928,49.3555],[6.5902,49.3548],[6.5884,49.3499],[6.5849,49.3513],[6.5856,49.3528],[6.5816,49.3563],[6.5741,49.3587],[6.5636,49.3559],[6.5657,49.3477],[6.5708,49.3433],[6.5757,49.3417],[6.5784,49.335],[6.5827,49.3348],[6.5859,49.3371],[6.5877,49.3351],[6.5912,49.3362],[6.5897,49.3346],[6.5956,49.3301],[6.5891,49.3221],[6.6048,49.3121],[6.6151,49.3013],[6.6224,49.3031],[6.6323,49.2974],[6.632,49.2958],[6.6388,49.2957],[6.6441,49.2898],[6.6481,49.288],[6.6504,49.2885],[6.6534,49.2812],[6.6601,49.2837],[6.6702,49.2803],[6.6659,49.2769],[6.6678,49.271],[6.6604,49.2612],[6.6614,49.2581],[6.6643,49.2545],[6.6756,49.2576],[6.6773,49.2554],[6.6838,49.2534],[6.688,49.2491],[6.69,49.2496],[6.6907,49.2478],[6.6856,49.2434],[6.6853,49.241],[6.6889,49.2379],[6.6906,49.2311],[6.6886,49.2221],[6.6958,49.2153],[6.702,49.2169],[6.7063,49.2164],[6.7197,49.2211],[6.7235,49.2188],[6.7314,49.206],[6.7112,49.1883],[6.7203,49.1753],[6.7268,49.1726],[6.7386,49.1637],[6.7498,49.1667],[6.7611,49.1647],[6.7827,49.1682],[6.79,49.166],[6.7932,49.1634],[6.8026,49.162],[6.8081,49.1586],[6.8169,49.1577],[6.8341,49.1511],[6.8475,49.1572],[6.8445,49.164],[6.8444,49.1731],[6.859,49.1746],[6.8618,49.1788],[6.8584,49.1869],[6.8505,49.1934],[6.8522,49.2],[6.8423,49.2089],[6.8363,49.2113],[6.838,49.2135],[6.8589,49.2228],[6.8704,49.2188],[6.8732,49.2148],[6.8933,49.2091],[6.9005,49.2137],[6.9115,49.2151],[6.9188,49.2199],[6.9187,49.2227],[6.9251,49.2233],[6.9289,49.2221],[6.9381,49.2224],[6.9399,49.2167],[6.9596,49.2031],[6.9726,49.2095],[6.9752,49.2095],[6.9926,49.2008],[6.9995,49.1945],[7.0089,49.194],[7.0108,49.188],[7.0215,49.1931],[7.0233,49.1892],[7.028,49.1913],[7.035,49.1914],[7.0337,49.1823],[7.0285,49.1758],[7.0277,49.1701],[7.033,49.1636],[7.0323,49.1565],[7.0409,49.1473],[7.0465,49.1373],[7.0442,49.1202],[7.0481,49.1153],[7.055,49.1121],[7.0666,49.1142],[7.0718,49.1243],[7.0901,49.1309],[7.0821,49.1419],[7.0843,49.1439],[7.0813,49.1483],[7.0833,49.1532],[7.0903,49.1519],[7.0957,49.153],[7.0991,49.1556],[7.1061,49.1554],[7.1072,49.1526],[7.1132,49.152],[7.1036,49.1455],[7.1041,49.1384],[7.1258,49.1419],[7.1314,49.1349],[7.1314,49.1318],[7.1356,49.1284],[7.1499,49.125],[7.1594,49.1205],[7.1651,49.1286],[7.1678,49.1274],[7.1744,49.1292],[7.1767,49.1282],[7.1774,49.1302],[7.1836,49.13],[7.1855,49.1312],[7.1871,49.1279],[7.1903,49.128],[7.1905,49.1259],[7.1963,49.1217],[7.198,49.1152],[7.2055,49.1236],[7.2266,49.1259],[7.2451,49.1301],[7.2488,49.1274],[7.2657,49.1227],[7.2716,49.1243],[7.2782,49.1225],[7.2816,49.1244],[7.2838,49.1234],[7.2824,49.1169],[7.2932,49.1149],[7.2984,49.1173],[7.3056,49.1271],[7.3102,49.1294],[7.3139,49.1372],[7.3214,49.1414],[7.3298,49.1448],[7.3414,49.1452],[7.3454,49.1432],[7.3627,49.1431],[7.3614,49.1534],[7.3631,49.1572],[7.3688,49.1615],[7.3665,49.1619],[7.3627,49.1584],[7.3612,49.1613],[7.3541,49.1611],[7.3501,49.1628],[7.3431,49.173],[7.3359,49.1759],[7.3353,49.1806],[7.3385,49.1844],[7.3268,49.1883],[7.3212,49.1885],[7.3057,49.201],[7.3035,49.2058],[7.298,49.204],[7.2958,49.2053],[7.3013,49.2095],[7.2984,49.2113],[7.2983,49.214],[7.3027,49.2165],[7.3025,49.222],[7.304,49.2221],[7.289,49.2306],[7.2945,49.2347],[7.2893,49.2363],[7.2913,49.2373],[7.2891,49.2378],[7.3035,49.2455],[7.3029,49.251],[7.3072,49.2549],[7.3065,49.2561],[7.3122,49.257],[7.3159,49.2515],[7.3226,49.2476],[7.3246,49.2481],[7.3278,49.2546],[7.3249,49.2575],[7.3391,49.2639],[7.344,49.2704],[7.3435,49.2743],[7.3358,49.2763],[7.3345,49.2783],[7.3415,49.2815],[7.3477,49.2811],[7.3558,49.2837],[7.355,49.2822],[7.3653,49.2781],[7.367,49.2831],[7.3717,49.2809],[7.3854,49.2941],[7.38,49.2976],[7.3807,49.3067],[7.384,49.31],[7.3919,49.3096],[7.3902,49.3122],[7.3944,49.3147],[7.3945,49.3164],[7.3921,49.3208],[7.3855,49.3205],[7.3808,49.3168],[7.3777,49.3204],[7.384,49.3218],[7.3928,49.3283],[7.3964,49.336],[7.4005,49.3377],[7.3995,49.3396],[7.4026,49.3431],[7.4009,49.3445],[7.4038,49.3461],[7.3983,49.3479],[7.3987,49.3505],[7.3899,49.3498],[7.3909,49.3534],[7.3995,49.3541],[7.4026,49.3562],[7.3934,49.3635],[7.4021,49.3677],[7.3998,49.3717],[7.3959,49.372],[7.379,49.366],[7.3664,49.3634],[7.3691,49.374],[7.3548,49.3744],[7.3558,49.3798],[7.3407,49.3808],[7.3314,49.3789],[7.3294,49.3802],[7.3178,49.3814],[7.3162,49.3843],[7.303,49.3874],[7.304,49.3888],[7.302,49.3893],[7.2994,49.3893],[7.2995,49.388],[7.2968,49.3893],[7.2893,49.3888],[7.2921,49.3928],[7.2897,49.3933],[7.2989,49.3985],[7.2942,49.401],[7.2972,49.4046],[7.2901,49.4112],[7.2901,49.4147],[7.2863,49.4174],[7.2789,49.4193],[7.2789,49.4208],[7.2728,49.4242],[7.261,49.4236],[7.2604,49.4262],[7.257,49.4261],[7.2502,49.4352],[7.2538,49.4361],[7.2524,49.437],[7.2553,49.4406],[7.2464,49.4455],[7.2665,49.4515],[7.2735,49.4518],[7.2748,49.4557],[7.2869,49.4577],[7.2863,49.4601],[7.3011,49.4667],[7.3006,49.4689],[7.3048,49.4724],[7.2968,49.4835],[7.2928,49.4821],[7.2781,49.4843],[7.2819,49.486],[7.2798,49.4871],[7.2831,49.4955],[7.2871,49.4991],[7.2865,49.5009],[7.2827,49.5019],[7.2854,49.5047],[7.2809,49.5055],[7.2828,49.5105],[7.2887,49.5132],[7.2857,49.5169],[7.2928,49.5203],[7.2923,49.5216],[7.2971,49.5229],[7.2988,49.5206],[7.3016,49.5216],[7.3024,49.5205],[7.2988,49.5191],[7.2987,49.5179],[7.301,49.518],[7.3078,49.52],[7.307,49.5215],[7.3099,49.5232],[7.3008,49.5303],[7.2997,49.5296],[7.299,49.5314],[7.302,49.5348],[7.29,49.5346],[7.2761,49.5374],[7.2766,49.5486],[7.2733,49.5548],[7.2749,49.5606],[7.2675,49.5639],[7.2692,49.565],[7.2677,49.5681],[7.2621,49.5736],[7.2687,49.5841],[7.2613,49.5832],[7.2589,49.5785],[7.2526,49.574],[7.2408,49.5732],[7.2408,49.569],[7.2315,49.568],[7.2244,49.5648],[7.2134,49.5658],[7.2098,49.5682],[7.214,49.5745],[7.21,49.5771],[7.1968,49.5778],[7.1884,49.5757],[7.1867,49.5797],[7.1821,49.5827],[7.1735,49.5851],[7.1711,49.5879],[7.1728,49.588],[7.1751,49.5946],[7.1737,49.5991],[7.1654,49.5971],[7.1543,49.6032],[7.1493,49.6037],[7.1387,49.5973],[7.1184,49.596],[7.1048,49.599],[7.1033,49.6044],[7.1002,49.6057],[7.1006,49.6024],[7.093,49.6036],[7.0877,49.5996],[7.087,49.6022],[7.0837,49.6032],[7.0847,49.605],[7.0796,49.6121],[7.0591,49.6305],[7.028,49.6394],[7.0124,49.6284],[7.003,49.6314],[7.001,49.6309],[6.986,49.6207],[6.9888,49.6258],[6.9877,49.6291],[6.9918,49.6325],[6.9915,49.6355],[6.9889,49.6329],[6.9777,49.6327],[6.9784,49.6359],[6.9751,49.6354],[6.9747,49.6339],[6.9668,49.6304],[6.9602,49.6291],[6.9588,49.6308],[6.9551,49.6266],[6.9514,49.6251],[6.9494,49.6261],[6.9486,49.6351],[6.9409,49.6349],[6.9328,49.631],[6.937,49.6251],[6.9341,49.623],[6.9345,49.6201],[6.9378,49.6177],[6.935,49.616],[6.9277,49.6183],[6.9282,49.6153],[6.931,49.6145],[6.9296,49.6124],[6.9262,49.6122],[6.9214,49.6167],[6.911,49.616],[6.9063,49.6141],[6.8914,49.6163],[6.8915,49.6134],[6.8866,49.6132],[6.8855,49.6109],[6.8907,49.6076],[6.8898,49.6063],[6.8826,49.6084],[6.88,49.6062],[6.8796,49.6012],[6.8725,49.6046],[6.8706,49.6084],[6.8664,49.6087],[6.8572,49.6052],[6.846,49.5896],[6.8421,49.5929],[6.8391,49.5926],[6.8417,49.5888],[6.8354,49.5829],[6.8243,49.5884],[6.8223,49.5864],[6.8134,49.592],[6.7982,49.5863],[6.7782,49.5702],[6.7675,49.569],[6.7569,49.5614],[6.748,49.5579],[6.7379,49.558],[6.734,49.5602],[6.7086,49.5533],[6.7,49.5412],[6.6936,49.5396],[6.6904,49.5352],[6.6885,49.5362],[6.6842,49.5482],[6.6641,49.5427],[6.6582,49.5439],[6.6528,49.5509],[6.6504,49.5495],[6.6515,49.544],[6.646,49.5391],[6.6413,49.5378],[6.6411,49.5402],[6.6328,49.5419],[6.6278,49.5383],[6.617,49.5355],[6.6197,49.5306],[6.607,49.5274],[6.6103,49.5211],[6.6047,49.5173],[6.5953,49.5188],[6.5913,49.517],[6.5884,49.5175],[6.5797,49.5222],[6.5783,49.5301],[6.5718,49.5361],[6.5652,49.5379],[6.564,49.5406],[6.5548,49.536],[6.5386,49.5395],[6.5252,49.5294],[6.5229,49.5283],[6.5196,49.5291],[6.5174,49.5275],[6.5149,49.5292],[6.5149,49.5351],[6.5076,49.5353],[6.4993,49.5304],[6.4941,49.5306],[6.4857,49.5338],[6.4767,49.5417],[6.4679,49.5444],[6.467,49.543],[6.4636,49.5441],[6.4521,49.5383],[6.4493,49.5439],[6.4476,49.5426],[6.4441,49.5429],[6.4424,49.5452],[6.4389,49.5448],[6.4384,49.5463],[6.4303,49.549],[6.4143,49.5433],[6.415,49.5457],[6.4109,49.5471],[6.4041,49.5486],[6.3939,49.5474],[6.3801,49.5511]]]}},{"type":"Feature","properties":{"id":"DE-NW","name":"Nordrhein-Westfalen","countryCode":"DEU","country":"Germany"},"geometry":{"type":"MultiPolygon","coordinates":[[[[6.2051,50.522],[6.2037,50.5248],[6.198,50.5265],[6.1953,50.531],[6.1921,50.5309],[6.1873,50.5271],[6.1922,50.5211],[6.2053,50.521],[6.2051,50.522]]],[[[9.4405,51.6504],[9.4347,51.6512],[9.4247,51.65],[9.4173,51.6473],[9.4038,51.648],[9.3863,51.646],[9.3747,51.6498],[9.3794,51.6659],[9.3832,51.6691],[9.3939,51.6721],[9.3957,51.674],[9.3946,51.6812],[9.3884,51.6856],[9.3869,51.6898],[9.3993,51.6973],[9.4017,51.7017],[9.4004,51.7055],[9.3915,51.7129],[9.3873,51.7194],[9.3876,51.7227],[9.3943,51.7292],[9.3944,51.732],[9.3789,51.7381],[9.3754,51.7436],[9.3837,51.7502],[9.3843,51.7579],[9.3971,51.7579],[9.4027,51.7594],[9.4073,51.7636],[9.4096,51.771],[9.413,51.7721],[9.4298,51.785],[9.436,51.787],[9.4366,51.7893],[9.4482,51.7948],[9.4364,51.797],[9.4408,51.8035],[9.4309,51.8049],[9.4305,51.8107],[9.4273,51.8105],[9.4281,51.8143],[9.4405,51.8249],[9.4367,51.8278],[9.4405,51.8299],[9.4422,51.8292],[9.4338,51.8377],[9.4333,51.8407],[9.4603,51.8547],[9.4596,51.8628],[9.4572,51.8607],[9.4525,51.8608],[9.4507,51.8594],[9.4434,51.8596],[9.4374,51.8562],[9.4049,51.8556],[9.3929,51.8604],[9.3789,51.8612],[9.3751,51.8632],[9.3629,51.8649],[9.3481,51.8608],[9.3347,51.8536],[9.3233,51.8551],[9.3358,51.8561],[9.3402,51.8786],[9.3443,51.8802],[9.3422,51.8861],[9.3452,51.8892],[9.3433,51.8925],[9.3452,51.8963],[9.3417,51.9008],[9.3408,51.908],[9.3322,51.917],[9.3184,51.9184],[9.3152,51.9227],[9.3039,51.9229],[9.2943,51.9194],[9.289,51.9228],[9.2867,51.921],[9.2839,51.9257],[9.2814,51.9275],[9.2799,51.9259],[9.2721,51.9323],[9.2751,51.9369],[9.2734,51.9401],[9.2786,51.9401],[9.2771,51.9439],[9.2631,51.9464],[9.2639,51.9481],[9.2684,51.9468],[9.2717,51.9497],[9.2714,51.9551],[9.2795,51.956],[9.28,51.9576],[9.2844,51.9562],[9.2863,51.9571],[9.2846,51.96],[9.2776,51.9619],[9.2774,51.9658],[9.274,51.9676],[9.2773,51.9702],[9.2744,51.9736],[9.2684,51.9702],[9.2661,51.9716],[9.27,51.9739],[9.2578,51.9772],[9.2408,51.9746],[9.2415,51.9767],[9.2386,51.9768],[9.2242,51.9729],[9.2169,51.9736],[9.2171,51.9698],[9.2133,51.9709],[9.2141,51.9688],[9.2094,51.9672],[9.2112,51.9608],[9.2089,51.9599],[9.2066,51.9626],[9.2018,51.9628],[9.2027,51.9649],[9.2009,51.9654],[9.1986,51.9623],[9.1858,51.9662],[9.1878,51.9728],[9.1841,51.9776],[9.1762,51.9804],[9.1747,51.9833],[9.1831,51.9858],[9.1837,51.9909],[9.1968,51.9969],[9.1793,52.0027],[9.1912,52.0101],[9.1974,52.0117],[9.1901,52.0205],[9.189,52.0263],[9.1769,52.0337],[9.1733,52.0406],[9.1773,52.0412],[9.1722,52.0474],[9.1751,52.0551],[9.1744,52.0604],[9.1794,52.0621],[9.1813,52.0679],[9.1933,52.0692],[9.1933,52.0703],[9.1881,52.0724],[9.1761,52.0861],[9.1547,52.0918],[9.1556,52.0978],[9.1465,52.0999],[9.1346,52.0943],[9.133,52.0966],[9.1364,52.0997],[9.1359,52.1058],[9.1469,52.1092],[9.1445,52.1115],[9.1462,52.1132],[9.1558,52.1143],[9.1593,52.1198],[9.1557,52.1229],[9.1568,52.1251],[9.1533,52.1291],[9.1447,52.1349],[9.1291,52.1353],[9.1275,52.1366],[9.1313,52.139],[9.1298,52.1397],[9.1277,52.1385],[9.1161,52.1384],[9.107,52.1324],[9.0991,52.133],[9.0971,52.1371],[9.094,52.1349],[9.0908,52.1357],[9.0834,52.1381],[9.0818,52.1411],[9.0678,52.1403],[9.0723,52.145],[9.0707,52.145],[9.0716,52.1483],[9.063,52.1485],[9.063,52.1473],[9.0534,52.1482],[9.0542,52.1458],[9.0514,52.1459],[9.044,52.1415],[9.0444,52.1396],[9.0399,52.1386],[9.0363,52.1401],[9.0178,52.1324],[9.011,52.1358],[9.0115,52.1396],[9.0175,52.1477],[9.0173,52.1561],[9.014,52.1569],[9.0127,52.1624],[9.0162,52.1692],[9.0201,52.1679],[9.0216,52.172],[9.0118,52.173],[9.0124,52.1779],[9.0078,52.1784],[9.0084,52.1809],[9.0013,52.1832],[9.001,52.1878],[8.9963,52.1856],[8.9929,52.1891],[8.9938,52.1918],[8.9858,52.1946],[8.994,52.1961],[8.9997,52.1908],[9.007,52.1895],[9.0136,52.1954],[9.0196,52.1922],[9.0175,52.1891],[9.0211,52.1838],[9.0355,52.1848],[9.0453,52.1838],[9.0431,52.1904],[9.0485,52.1957],[9.0434,52.2041],[9.0459,52.2108],[9.0341,52.2176],[9.0358,52.2245],[9.0424,52.2262],[9.0469,52.221],[9.0517,52.2202],[9.0699,52.2268],[9.0764,52.2326],[9.0753,52.2341],[9.0566,52.2379],[9.033,52.2495],[9.0065,52.2528],[9.0042,52.2575],[8.9749,52.2626],[8.9724,52.2646],[8.9779,52.2709],[8.9786,52.2748],[8.9763,52.2762],[8.9757,52.2739],[8.9721,52.2735],[8.9635,52.279],[8.9787,52.2824],[8.9881,52.2876],[8.9853,52.2957],[8.9916,52.3071],[8.9898,52.309],[8.991,52.3148],[8.9978,52.3184],[8.9983,52.3262],[9.0077,52.3257],[9.0096,52.3312],[9.0162,52.332],[9.0189,52.331],[9.0253,52.337],[9.0274,52.3456],[9.0411,52.3415],[9.0579,52.3396],[9.0592,52.3469],[9.0725,52.3483],[9.0775,52.3541],[9.0837,52.3548],[9.0889,52.3663],[9.0988,52.3729],[9.1007,52.3806],[9.0965,52.3817],[9.0966,52.3828],[9.0991,52.3825],[9.0952,52.385],[9.0955,52.3867],[9.0992,52.3873],[9.1002,52.3889],[9.1021,52.3884],[9.1123,52.3953],[9.1124,52.3977],[9.1174,52.3971],[9.1216,52.4017],[9.1253,52.412],[9.1238,52.4215],[9.112,52.4208],[9.1098,52.4219],[9.1052,52.4274],[9.1124,52.4275],[9.1105,52.4354],[9.0945,52.4428],[9.1029,52.4569],[9.1126,52.4605],[9.1256,52.4683],[9.1233,52.4746],[9.1259,52.476],[9.1367,52.4755],[9.132,52.484],[9.1124,52.4858],[9.1078,52.4908],[9.1015,52.4939],[9.0994,52.4975],[9.098,52.4966],[9.0952,52.4981],[9.0877,52.4957],[9.0713,52.4986],[9.0658,52.4962],[9.0523,52.5001],[9.0464,52.4949],[9.0442,52.4897],[9.0465,52.4895],[9.0413,52.4875],[9.0448,52.4843],[9.0441,52.4826],[9.0383,52.4799],[9.0281,52.4806],[9.023,52.4773],[9.0225,52.4702],[9.0166,52.4673],[9.017,52.4602],[9.0131,52.46],[9.0121,52.4573],[8.9989,52.4576],[8.991,52.4527],[8.9921,52.4506],[8.9873,52.452],[8.9784,52.4507],[8.9867,52.4455],[8.9792,52.4363],[8.9826,52.4369],[8.9834,52.4334],[8.9871,52.4325],[8.978,52.427],[8.9764,52.4282],[8.9703,52.4264],[8.9692,52.4274],[8.9622,52.425],[8.9615,52.4191],[8.9574,52.4186],[8.958,52.4162],[8.9526,52.4153],[8.9466,52.4173],[8.9411,52.4163],[8.9461,52.4135],[8.9441,52.4084],[8.9352,52.4046],[8.9371,52.4019],[8.9269,52.4014],[8.9031,52.4046],[8.9037,52.4019],[8.8977,52.4016],[8.896,52.4061],[8.8925,52.4057],[8.8892,52.396],[8.8795,52.3955],[8.8686,52.3927],[8.8697,52.3948],[8.8669,52.3963],[8.8584,52.3937],[8.8551,52.3892],[8.7868,52.3987],[8.7461,52.3879],[8.7385,52.3908],[8.735,52.3956],[8.7249,52.4009],[8.7152,52.3926],[8.7075,52.3954],[8.7099,52.3984],[8.7071,52.3998],[8.7109,52.4082],[8.7054,52.4129],[8.7048,52.4187],[8.7099,52.4241],[8.7171,52.4251],[8.7181,52.4294],[8.7152,52.4334],[8.7063,52.4382],[8.7033,52.4432],[8.705,52.4561],[8.7103,52.4603],[8.7107,52.4637],[8.7093,52.477],[8.6985,52.4867],[8.703,52.5004],[8.6988,52.5016],[8.7021,52.5035],[8.6987,52.5088],[8.6886,52.511],[8.6841,52.5144],[8.6903,52.5188],[8.6715,52.5174],[8.6526,52.5314],[8.5574,52.5007],[8.5569,52.4991],[8.5166,52.5093],[8.5088,52.5147],[8.4875,52.5026],[8.4816,52.497],[8.4725,52.4988],[8.4589,52.4917],[8.4593,52.4736],[8.4543,52.461],[8.4303,52.4477],[8.4253,52.4517],[8.4178,52.4493],[8.416,52.4468],[8.4181,52.4444],[8.413,52.4468],[8.4069,52.4473],[8.4055,52.4497],[8.4001,52.4509],[8.3864,52.4478],[8.3859,52.445],[8.3597,52.444],[8.3528,52.4481],[8.3524,52.4505],[8.3457,52.4528],[8.3343,52.4541],[8.3261,52.4517],[8.3114,52.459],[8.3069,52.4561],[8.3034,52.459],[8.2972,52.4565],[8.3042,52.4466],[8.3077,52.4464],[8.3083,52.4447],[8.3062,52.4446],[8.304,52.4343],[8.3073,52.4347],[8.308,52.4368],[8.3117,52.4364],[8.3134,52.4318],[8.3184,52.4299],[8.3172,52.4279],[8.322,52.4262],[8.3159,52.4125],[8.3229,52.4107],[8.3221,52.409],[8.314,52.4078],[8.314,52.4057],[8.3229,52.4007],[8.343,52.3982],[8.363,52.3899],[8.3913,52.3837],[8.3931,52.3846],[8.401,52.3774],[8.4293,52.3663],[8.4324,52.3665],[8.4354,52.3628],[8.4394,52.3627],[8.4426,52.359],[8.4516,52.3344],[8.4593,52.3248],[8.4606,52.3187],[8.462,52.3171],[8.4721,52.3154],[8.4712,52.3132],[8.4693,52.3134],[8.4649,52.3037],[8.4598,52.3047],[8.458,52.302],[8.4611,52.2989],[8.4588,52.2945],[8.4594,52.2816],[8.4631,52.2821],[8.4662,52.2676],[8.4588,52.2582],[8.4636,52.2566],[8.4627,52.2522],[8.4661,52.2513],[8.4681,52.2471],[8.4598,52.2428],[8.4588,52.2354],[8.4611,52.2291],[8.4528,52.2253],[8.4507,52.2181],[8.4453,52.2165],[8.4424,52.2133],[8.4493,52.2098],[8.4523,52.2032],[8.4548,52.2024],[8.4563,52.1981],[8.4602,52.196],[8.4783,52.192],[8.5079,52.1884],[8.5174,52.185],[8.5056,52.1794],[8.5048,52.1768],[8.4983,52.1728],[8.4931,52.1668],[8.4854,52.1659],[8.4815,52.1599],[8.4649,52.1552],[8.4621,52.1531],[8.4535,52.1554],[8.4129,52.1376],[8.4047,52.13],[8.4055,52.1246],[8.4038,52.1243],[8.4102,52.1189],[8.4106,52.1158],[8.4049,52.1115],[8.3881,52.108],[8.3732,52.1098],[8.3682,52.1121],[8.3689,52.1148],[8.3637,52.1184],[8.3577,52.1177],[8.3546,52.1194],[8.3492,52.1196],[8.3428,52.1237],[8.3412,52.1224],[8.3239,52.1259],[8.3141,52.1223],[8.3151,52.1197],[8.3112,52.1183],[8.2983,52.1207],[8.2985,52.1227],[8.2924,52.1252],[8.2853,52.1255],[8.2871,52.1352],[8.2734,52.1307],[8.2667,52.1323],[8.2625,52.1204],[8.2459,52.1214],[8.2361,52.1124],[8.2296,52.1087],[8.2252,52.1086],[8.2194,52.1021],[8.2089,52.0968],[8.207,52.0914],[8.2014,52.0882],[8.1951,52.0741],[8.1925,52.0726],[8.179,52.0719],[8.1764,52.0736],[8.1723,52.0719],[8.1687,52.0745],[8.1644,52.0734],[8.1619,52.0754],[8.1576,52.0762],[8.1534,52.075],[8.1515,52.0764],[8.1503,52.075],[8.1314,52.072],[8.1291,52.0687],[8.1035,52.0611],[8.0964,52.0571],[8.0924,52.0634],[8.087,52.0645],[8.0739,52.0662],[8.0699,52.0652],[8.0667,52.0681],[8.0564,52.0675],[8.0555,52.0642],[8.0425,52.0631],[8.0359,52.0639],[8.0359,52.0672],[8.0327,52.0684],[8.0193,52.0623],[8.0191,52.0586],[8.003,52.0543],[7.9937,52.0496],[7.988,52.044],[7.9869,52.0397],[7.9811,52.0355],[7.9169,52.0516],[7.9207,52.058],[7.9118,52.0623],[7.8887,52.0835],[7.8852,52.0835],[7.9017,52.092],[7.9391,52.1008],[7.9461,52.1009],[7.9581,52.1052],[7.9678,52.1147],[7.9718,52.116],[8.0078,52.1153],[8.0049,52.1368],[8.0028,52.1377],[8.0035,52.1497],[7.9978,52.1503],[8.0006,52.1533],[7.9977,52.1533],[7.9974,52.1545],[8.0031,52.1546],[8.0006,52.1572],[8.002,52.16],[8.0125,52.1592],[8.0118,52.1618],[8.0179,52.1604],[8.0175,52.1591],[8.023,52.1602],[8.0252,52.1635],[8.0152,52.1686],[8.017,52.1721],[8.0059,52.176],[7.9861,52.1744],[7.9743,52.1711],[7.9575,52.1779],[7.946,52.1762],[7.934,52.1769],[7.9284,52.1813],[7.9241,52.1814],[7.9152,52.1861],[7.9129,52.1851],[7.9142,52.1879],[7.9081,52.1899],[7.9089,52.195],[7.903,52.1989],[7.9063,52.2025],[7.9025,52.2037],[7.8998,52.2068],[7.9018,52.2086],[7.9064,52.2081],[7.9058,52.2141],[7.9066,52.2153],[7.9095,52.2141],[7.9107,52.2177],[7.9128,52.2174],[7.9146,52.2229],[7.9198,52.2217],[7.9266,52.2265],[7.9286,52.2412],[7.9235,52.2479],[7.9231,52.2528],[7.9256,52.2628],[7.9302,52.2654],[7.9457,52.2653],[7.9565,52.2725],[7.935,52.2862],[7.9308,52.2864],[7.9322,52.288],[7.9302,52.2936],[7.933,52.296],[7.9318,52.3018],[7.9496,52.3059],[7.9872,52.3036],[7.9906,52.3095],[7.978,52.3127],[7.968,52.3199],[7.9666,52.3235],[7.9593,52.3263],[7.9557,52.3319],[7.9486,52.3351],[7.9477,52.3389],[7.9512,52.3411],[7.95,52.3453],[7.9535,52.3472],[7.952,52.3492],[7.9504,52.3484],[7.9478,52.3501],[7.942,52.3476],[7.9407,52.3499],[7.9439,52.3556],[7.9413,52.3566],[7.9427,52.3594],[7.9375,52.3615],[7.9367,52.365],[7.9303,52.3643],[7.9217,52.3656],[7.8918,52.3805],[7.8903,52.3786],[7.8705,52.3775],[7.843,52.369],[7.8071,52.3714],[7.7255,52.3999],[7.7138,52.401],[7.7071,52.416],[7.7023,52.4344],[7.6884,52.4537],[7.6835,52.4566],[7.6674,52.4561],[7.6677,52.4585],[7.6565,52.46],[7.6546,52.4608],[7.6558,52.4625],[7.6448,52.4636],[7.6151,52.472],[7.6137,52.4736],[7.6106,52.4724],[7.6042,52.4751],[7.5917,52.4649],[7.5775,52.447],[7.571,52.4323],[7.5643,52.4323],[7.6027,52.421],[7.6012,52.4139],[7.5828,52.4037],[7.5818,52.3978],[7.5836,52.3955],[7.5713,52.3812],[7.5805,52.3794],[7.5821,52.3764],[7.5751,52.3759],[7.5758,52.3769],[7.5704,52.3786],[7.5601,52.3722],[7.5652,52.3726],[7.564,52.3707],[7.5542,52.3688],[7.5499,52.3704],[7.5431,52.368],[7.5394,52.3705],[7.5299,52.3699],[7.5115,52.3613],[7.5047,52.3608],[7.4794,52.3476],[7.4378,52.3334],[7.4268,52.3182],[7.4272,52.314],[7.416,52.312],[7.4039,52.3129],[7.4024,52.3112],[7.4004,52.3116],[7.397,52.3062],[7.3865,52.3093],[7.3708,52.3002],[7.3616,52.2883],[7.3456,52.2827],[7.3175,52.2803],[7.2979,52.264],[7.2183,52.2643],[7.1532,52.2665],[7.1212,52.2611],[7.1193,52.257],[7.1138,52.2559],[7.1099,52.2528],[7.1091,52.2472],[7.1019,52.2435],[7.0659,52.2413],[7.061,52.2348],[7.039,52.2276],[7.0192,52.225],[7.0035,52.2285],[6.9851,52.2253],[6.9742,52.2052],[6.9513,52.181],[6.9121,52.1772],[6.9068,52.1752],[6.9058,52.17],[6.8804,52.156],[6.882,52.1559],[6.8734,52.1302],[6.867,52.128],[6.8554,52.1204],[6.8213,52.1182],[6.7606,52.1187],[6.7576,52.0994],[6.7551,52.0949],[6.7501,52.0959],[6.7445,52.0931],[6.7456,52.0899],[6.7512,52.0855],[6.7479,52.082],[6.7356,52.0747],[6.6947,52.0698],[6.6968,52.0673],[6.696,52.0644],[6.6896,52.0564],[6.6869,52.0557],[6.6877,52.0399],[6.7147,52.0399],[6.7526,52.0286],[6.7641,52.0223],[6.7662,52.0188],[6.7723,52.0179],[6.8115,51.9981],[6.8078,51.995],[6.8266,51.9935],[6.8304,51.9862],[6.8296,51.9792],[6.8329,51.9718],[6.8285,51.9641],[6.8136,51.9635],[6.8124,51.9617],[6.7986,51.9588],[6.7972,51.9425],[6.794,51.9351],[6.786,51.9312],[6.7889,51.9297],[6.77,51.9162],[6.7547,51.9131],[6.7512,51.9072],[6.7371,51.9046],[6.7326,51.8987],[6.7217,51.8962],[6.7033,51.9064],[6.7037,51.9094],[6.6975,51.9099],[6.6955,51.9158],[6.69,51.9149],[6.6846,51.9161],[6.6842,51.9176],[6.6745,51.9159],[6.6376,51.9044],[6.6343,51.901],[6.6254,51.9019],[6.5856,51.8939],[6.5607,51.8842],[6.5604,51.8821],[6.5561,51.8818],[6.5524,51.8862],[6.5485,51.8853],[6.5496,51.8831],[6.5445,51.8847],[6.5404,51.8811],[6.5246,51.8737],[6.5154,51.8735],[6.5031,51.8676],[6.5011,51.8681],[6.5022,51.8646],[6.4996,51.8618],[6.4779,51.8569],[6.4726,51.8538],[6.4624,51.856],[6.4511,51.8653],[6.4465,51.8649],[6.4441,51.8628],[6.4324,51.8594],[6.4292,51.8612],[6.4279,51.8657],[6.419,51.8671],[6.4119,51.8709],[6.4103,51.8697],[6.4054,51.8706],[6.4022,51.8692],[6.3908,51.8739],[6.3867,51.8647],[6.3881,51.862],[6.4007,51.8556],[6.4077,51.8543],[6.4092,51.8523],[6.4024,51.8446],[6.4081,51.8366],[6.4028,51.8367],[6.4078,51.8281],[6.4018,51.8273],[6.3895,51.8333],[6.3791,51.8349],[6.37,51.8336],[6.3629,51.8362],[6.364,51.8385],[6.3602,51.8458],[6.3468,51.8506],[6.3201,51.8514],[6.3066,51.8492],[6.3005,51.8645],[6.2983,51.8653],[6.2989,51.8679],[6.2795,51.8741],[6.2698,51.8741],[6.2618,51.8681],[6.2341,51.8701],[6.2154,51.8678],[6.1959,51.8746],[6.1852,51.8815],[6.1819,51.8859],[6.1914,51.8874],[6.1895,51.8889],[6.1911,51.8916],[6.1858,51.8927],[6.1696,51.9013],[6.1655,51.8988],[6.1572,51.9052],[6.1255,51.8983],[6.118,51.9017],[6.1149,51.8977],[6.112,51.8991],[6.1097,51.8949],[6.1033,51.8926],[6.1058,51.8916],[6.1163,51.8923],[6.1374,51.8856],[6.1434,51.8759],[6.1445,51.8699],[6.1502,51.8665],[6.156,51.8656],[6.1668,51.861],[6.1644,51.8593],[6.1637,51.8535],[6.1664,51.8408],[6.1363,51.8472],[6.0993,51.8495],[6.0934,51.8509],[6.0634,51.8654],[6.0595,51.8576],[6.0518,51.8566],[6.0553,51.8523],[6.035,51.8429],[6.0326,51.8423],[6.029,51.8451],[6.0174,51.8412],[6.016,51.8382],[6.011,51.8354],[5.9937,51.8308],[5.987,51.8306],[5.9708,51.8333],[5.9629,51.8368],[5.945,51.8237],[5.9578,51.8172],[5.9528,51.8148],[5.9481,51.8166],[5.9458,51.8152],[5.9481,51.8113],[5.9619,51.8075],[5.9782,51.7972],[5.9744,51.7956],[5.9767,51.7942],[5.9726,51.7895],[5.975,51.7888],[5.9746,51.785],[5.9794,51.786],[5.9818,51.7841],[5.9847,51.785],[5.9877,51.783],[5.9905,51.7832],[5.9834,51.7787],[5.9823,51.7737],[5.9916,51.77],[5.9905,51.7662],[5.952,51.7491],[5.9551,51.7381],[5.9736,51.7393],[5.9925,51.7386],[6.0291,51.7257],[6.033,51.7213],[6.0348,51.7215],[6.0354,51.7177],[6.0384,51.7181],[6.0379,51.7199],[6.045,51.717],[6.042,51.7133],[6.0314,51.7129],[6.0264,51.7093],[6.0318,51.6927],[6.0282,51.6896],[6.0325,51.684],[6.0306,51.683],[6.0307,51.6771],[6.0369,51.6728],[6.0725,51.6638],[6.0756,51.6649],[6.0794,51.6635],[6.0798,51.6615],[6.0851,51.6629],[6.088,51.6598],[6.0996,51.6581],[6.1032,51.6603],[6.1182,51.6561],[6.1158,51.6531],[6.1171,51.6508],[6.1095,51.6468],[6.1114,51.645],[6.108,51.642],[6.1,51.6241],[6.0972,51.6209],[6.094,51.6221],[6.0944,51.6157],[6.0912,51.6059],[6.1213,51.5928],[6.1306,51.5811],[6.1461,51.5711],[6.157,51.5667],[6.177,51.5387],[6.1993,51.528],[6.2121,51.5134],[6.2143,51.5033],[6.213,51.4911],[6.2192,51.484],[6.2234,51.4749],[6.2232,51.4689],[6.22,51.4553],[6.2205,51.4469],[6.2139,51.4463],[6.2149,51.4344],[6.2052,51.3995],[6.2111,51.4009],[6.2264,51.3997],[6.2144,51.3896],[6.2261,51.3605],[6.1898,51.3393],[6.1931,51.3347],[6.1686,51.3329],[6.1693,51.3296],[6.1593,51.3195],[6.1595,51.3157],[6.1543,51.3111],[6.1541,51.3074],[6.1298,51.2866],[6.1245,51.2746],[6.085,51.2474],[6.0727,51.2426],[6.0858,51.2226],[6.0732,51.2224],[6.068,51.2205],[6.0733,51.183],[6.0823,51.1716],[6.1001,51.17],[6.1108,51.1738],[6.1222,51.1812],[6.165,51.1944],[6.1807,51.1864],[6.1388,51.1733],[6.1754,51.1585],[6.1627,51.1528],[6.1634,51.1488],[6.1476,51.1486],[6.1354,51.1454],[6.126,51.1451],[6.1212,51.1409],[6.1159,51.1391],[6.0919,51.135],[6.0869,51.1293],[6.0886,51.1279],[6.0844,51.126],[6.0871,51.1246],[6.0835,51.1239],[6.0808,51.1261],[6.0804,51.1222],[6.0759,51.121],[6.0758,51.1192],[6.0603,51.1159],[6.0553,51.1107],[6.0565,51.1096],[6.0375,51.097],[6.0206,51.0929],[6.0177,51.0945],[6.0146,51.0917],[6.0099,51.091],[5.9978,51.0843],[5.9885,51.0747],[5.9803,51.0723],[5.9814,51.0692],[5.9698,51.0606],[5.969,51.0467],[5.9672,51.0443],[5.9579,51.041],[5.9595,51.0383],[5.9579,51.0347],[5.9538,51.0365],[5.9464,51.037],[5.9381,51.0351],[5.9347,51.0411],[5.9264,51.048],[5.919,51.0638],[5.9132,51.0667],[5.8923,51.0532],[5.8668,51.0514],[5.8671,51.0467],[5.878,51.0375],[5.8746,51.0293],[5.8792,51.0176],[5.8843,51.0134],[5.8883,51.0136],[5.8958,51.011],[5.8957,51.0044],[5.9055,51.0022],[5.9038,50.9875],[5.8927,50.9803],[5.8972,50.9748],[5.9047,50.9745],[5.9186,50.9777],[5.9336,50.9853],[5.9552,50.9884],[5.9572,50.985],[5.9682,50.9795],[5.9808,50.9831],[5.9846,50.9821],[6.0264,50.9833],[6.0156,50.9627],[6.0053,50.9568],[6.0168,50.9525],[6.0151,50.9478],[6.0182,50.9344],[6.0416,50.9303],[6.0456,50.928],[6.0509,50.93],[6.056,50.9271],[6.0539,50.9223],[6.0567,50.9218],[6.0681,50.9207],[6.0717,50.9231],[6.0831,50.9213],[6.089,50.9187],[6.0939,50.9213],[6.0925,50.9178],[6.081,50.9087],[6.0753,50.8934],[6.0791,50.8828],[6.0862,50.8797],[6.0873,50.878],[6.085,50.8765],[6.0882,50.8724],[6.0835,50.8648],[6.081,50.8645],[6.081,50.8625],[6.0773,50.8607],[6.074,50.8468],[6.0568,50.8511],[6.0572,50.8556],[6.0548,50.8574],[6.0421,50.8513],[6.0189,50.8463],[6.0159,50.8388],[6.0184,50.8373],[6.0165,50.8338],[6.0188,50.8293],[6.025,50.8277],[6.0228,50.8265],[6.0263,50.8199],[6.0221,50.8168],[6.0251,50.8142],[6.0035,50.8013],[5.9894,50.8089],[5.984,50.8101],[5.9758,50.8024],[5.9749,50.798],[5.9801,50.7952],[5.9887,50.7938],[6.0019,50.7841],[6.0278,50.7737],[6.0183,50.7632],[6.0214,50.7531],[6.0405,50.7455],[6.0398,50.7376],[6.0332,50.731],[6.0339,50.7254],[6.0377,50.7249],[6.0365,50.7201],[6.039,50.7184],[6.0415,50.7187],[6.0446,50.7284],[6.0496,50.7261],[6.0732,50.721],[6.0878,50.7214],[6.0916,50.7229],[6.0948,50.7202],[6.1003,50.7233],[6.1108,50.7235],[6.1153,50.7221],[6.1192,50.7197],[6.1248,50.7111],[6.1232,50.7071],[6.133,50.699],[6.1333,50.6962],[6.1393,50.6936],[6.1437,50.6889],[6.1436,50.6817],[6.1624,50.6714],[6.1615,50.6697],[6.1653,50.6628],[6.188,50.6651],[6.1936,50.6646],[6.1955,50.6629],[6.1971,50.6567],[6.184,50.6471],[6.1877,50.6411],[6.2197,50.6412],[6.2243,50.6433],[6.2265,50.6488],[6.2315,50.65],[6.2464,50.6415],[6.2621,50.6439],[6.2669,50.6415],[6.274,50.6282],[6.2694,50.6255],[6.2691,50.6192],[6.26,50.6098],[6.2477,50.6037],[6.2496,50.5982],[6.2412,50.5871],[6.2407,50.5779],[6.2368,50.5663],[6.2286,50.5616],[6.2258,50.5545],[6.2219,50.5539],[6.2167,50.5554],[6.212,50.5538],[6.2082,50.5459],[6.2028,50.5436],[6.2004,50.5406],[6.197,50.531],[6.2072,50.5243],[6.2072,50.5189],[6.2126,50.5156],[6.2091,50.5147],[6.2102,50.5131],[6.2132,50.513],[6.2168,50.5065],[6.2226,50.5015],[6.22,50.4987],[6.2266,50.4944],[6.2307,50.4975],[6.2414,50.499],[6.2517,50.5035],[6.2546,50.4994],[6.2618,50.4988],[6.2699,50.5045],[6.2748,50.5023],[6.2815,50.5032],[6.285,50.499],[6.2975,50.4976],[6.3091,50.5014],[6.3229,50.4939],[6.3323,50.4923],[6.3348,50.489],[6.3513,50.4883],[6.3416,50.4835],[6.3411,50.4777],[6.3375,50.4747],[6.3382,50.4724],[6.3412,50.472],[6.3438,50.4688],[6.3402,50.4626],[6.3501,50.4569],[6.3567,50.4565],[6.3629,50.4539],[6.3718,50.4556],[6.3749,50.4512],[6.3776,50.4394],[6.376,50.4317],[6.3667,50.4192],[6.3699,50.4089],[6.3652,50.4014],[6.3576,50.3958],[6.3569,50.3911],[6.3466,50.3852],[6.3422,50.38],[6.3606,50.3715],[6.3694,50.3611],[6.3681,50.3581],[6.3734,50.3582],[6.3763,50.3552],[6.3771,50.356],[6.381,50.3534],[6.3828,50.3542],[6.3847,50.3517],[6.3871,50.3518],[6.3983,50.3457],[6.4005,50.3381],[6.4079,50.3351],[6.405,50.3233],[6.4152,50.3245],[6.4253,50.323],[6.4222,50.3306],[6.4241,50.3338],[6.415,50.3327],[6.4079,50.3394],[6.4033,50.3465],[6.4047,50.3506],[6.3972,50.3579],[6.406,50.3638],[6.3955,50.3614],[6.3943,50.3634],[6.398,50.3661],[6.3973,50.3677],[6.3948,50.3673],[6.3925,50.3706],[6.389,50.3717],[6.3893,50.3772],[6.3919,50.3798],[6.385,50.3842],[6.413,50.3895],[6.4182,50.3828],[6.422,50.3819],[6.4149,50.3745],[6.4208,50.3732],[6.4209,50.3689],[6.4235,50.3687],[6.43,50.3632],[6.4332,50.3643],[6.4324,50.3669],[6.4365,50.3691],[6.4354,50.3703],[6.4486,50.3713],[6.4495,50.3638],[6.4589,50.362],[6.4612,50.359],[6.4572,50.3518],[6.4587,50.344],[6.4496,50.3384],[6.4516,50.3364],[6.466,50.3426],[6.4703,50.3418],[6.4719,50.3393],[6.4752,50.3385],[6.4847,50.3386],[6.4879,50.3406],[6.4869,50.3431],[6.4918,50.347],[6.5048,50.3524],[6.5035,50.3555],[6.5071,50.3599],[6.5164,50.3554],[6.5149,50.3594],[6.5179,50.3611],[6.5166,50.3622],[6.5229,50.364],[6.5305,50.3693],[6.5422,50.3711],[6.5447,50.3701],[6.5432,50.3662],[6.559,50.3694],[6.5665,50.3725],[6.5692,50.3766],[6.5819,50.3775],[6.5852,50.3825],[6.6031,50.3882],[6.6068,50.381],[6.6012,50.3784],[6.6041,50.3751],[6.6163,50.377],[6.6215,50.3743],[6.6254,50.3749],[6.6274,50.3719],[6.6255,50.3717],[6.625,50.3622],[6.6218,50.36],[6.6236,50.3516],[6.6298,50.3512],[6.6289,50.3505],[6.6362,50.3454],[6.641,50.3473],[6.65,50.3482],[6.6542,50.3511],[6.6523,50.3523],[6.6575,50.357],[6.656,50.3674],[6.6674,50.372],[6.6868,50.3584],[6.6884,50.3538],[6.6964,50.3464],[6.6964,50.3404],[6.6992,50.3361],[6.706,50.3428],[6.7241,50.3481],[6.7324,50.3525],[6.7521,50.3555],[6.7535,50.3541],[6.7709,50.3612],[6.7768,50.3581],[6.7777,50.3644],[6.7831,50.3619],[6.7952,50.362],[6.7956,50.3595],[6.8007,50.3618],[6.8027,50.3693],[6.7962,50.3699],[6.7847,50.3748],[6.7739,50.3895],[6.7693,50.3927],[6.7705,50.3977],[6.7793,50.405],[6.7792,50.4136],[6.7851,50.4206],[6.7787,50.4241],[6.7707,50.425],[6.7692,50.4325],[6.7712,50.4361],[6.7603,50.4314],[6.7578,50.4341],[6.75,50.434],[6.7455,50.4359],[6.7437,50.4409],[6.7646,50.4508],[6.7629,50.4557],[6.7666,50.4586],[6.7627,50.4626],[6.7593,50.4618],[6.7571,50.463],[6.7581,50.4709],[6.7538,50.4714],[6.7515,50.4702],[6.7507,50.4667],[6.7477,50.4662],[6.7432,50.4677],[6.7446,50.4726],[6.7514,50.4751],[6.7591,50.4746],[6.7683,50.4843],[6.7754,50.4825],[6.7799,50.4866],[6.8009,50.4913],[6.8062,50.4882],[6.8075,50.4791],[6.8121,50.4722],[6.8256,50.4672],[6.8405,50.4639],[6.8436,50.4604],[6.8502,50.4572],[6.8528,50.4576],[6.855,50.4542],[6.8586,50.4533],[6.8631,50.457],[6.8667,50.4563],[6.8767,50.4648],[6.9015,50.4691],[6.8999,50.471],[6.9032,50.4753],[6.8992,50.478],[6.9056,50.485],[6.9004,50.4898],[6.9017,50.4919],[6.8979,50.4923],[6.9071,50.5026],[6.8995,50.5038],[6.8975,50.5064],[6.8886,50.507],[6.8978,50.5177],[6.8845,50.5199],[6.8845,50.5247],[6.8821,50.5269],[6.8861,50.5293],[6.9008,50.5308],[6.8987,50.5271],[6.9045,50.5272],[6.909,50.5255],[6.9238,50.5316],[6.9232,50.5329],[6.9293,50.5331],[6.9314,50.5356],[6.929,50.5426],[6.9259,50.544],[6.922,50.5543],[6.931,50.5605],[6.9367,50.5605],[6.9441,50.5634],[6.9473,50.5637],[6.9485,50.5624],[6.9514,50.5634],[6.9561,50.5609],[6.9565,50.557],[6.9604,50.5562],[6.9677,50.5574],[6.9721,50.5559],[6.9761,50.5578],[6.9773,50.5634],[6.9836,50.5657],[6.9919,50.5642],[6.9981,50.565],[7.0159,50.577],[7.0492,50.6043],[7.0515,50.6034],[7.0561,50.6062],[7.0591,50.6038],[7.0593,50.6004],[7.0663,50.6007],[7.069,50.5927],[7.0715,50.5931],[7.0855,50.5882],[7.0849,50.5864],[7.0874,50.586],[7.0953,50.5864],[7.1038,50.5913],[7.1053,50.5967],[7.1119,50.6019],[7.1103,50.6025],[7.1126,50.6057],[7.1118,50.6093],[7.1151,50.6118],[7.1194,50.6123],[7.1258,50.6064],[7.1354,50.6022],[7.1479,50.6003],[7.1492,50.6095],[7.1516,50.61],[7.1547,50.6147],[7.1647,50.6124],[7.173,50.6126],[7.174,50.6189],[7.1802,50.6224],[7.1869,50.6223],[7.1898,50.6239],[7.1906,50.636],[7.1937,50.6377],[7.1985,50.6482],[7.2038,50.6497],[7.2046,50.6487],[7.2109,50.6495],[7.2115,50.6482],[7.2124,50.6234],[7.2165,50.6249],[7.217,50.6281],[7.2402,50.6282],[7.2404,50.6271],[7.2515,50.6267],[7.252,50.6278],[7.2566,50.6247],[7.262,50.6255],[7.2647,50.6275],[7.2701,50.6264],[7.2973,50.6318],[7.3051,50.6376],[7.3112,50.6381],[7.3131,50.637],[7.3222,50.6417],[7.3335,50.6384],[7.338,50.6422],[7.359,50.6495],[7.3577,50.6549],[7.3557,50.6554],[7.3558,50.6652],[7.3643,50.6727],[7.3693,50.6725],[7.37,50.678],[7.3662,50.6807],[7.3721,50.6821],[7.3651,50.6876],[7.3671,50.6907],[7.3646,50.6922],[7.3683,50.6971],[7.3571,50.6979],[7.3624,50.7011],[7.3631,50.7051],[7.3672,50.7067],[7.37,50.712],[7.3686,50.7123],[7.3717,50.7128],[7.3732,50.7147],[7.3709,50.7152],[7.374,50.7182],[7.3789,50.7158],[7.3875,50.7175],[7.3876,50.7157],[7.3973,50.7143],[7.4071,50.7182],[7.4234,50.71],[7.4432,50.7112],[7.445,50.7161],[7.4486,50.7174],[7.4489,50.7158],[7.4539,50.7158],[7.4565,50.7181],[7.4613,50.7186],[7.4798,50.7183],[7.4849,50.7224],[7.493,50.7237],[7.4916,50.7259],[7.4982,50.7266],[7.5019,50.73],[7.5201,50.729],[7.5183,50.7313],[7.5194,50.7374],[7.5219,50.7361],[7.5215,50.7337],[7.5346,50.7403],[7.5519,50.7463],[7.5584,50.743],[7.5631,50.7434],[7.5802,50.7381],[7.5924,50.7405],[7.5953,50.751],[7.5916,50.7562],[7.5931,50.7584],[7.5985,50.7604],[7.601,50.7663],[7.6049,50.7657],[7.6092,50.7682],[7.6144,50.7681],[7.6182,50.7702],[7.6404,50.7691],[7.6446,50.7695],[7.6454,50.7709],[7.6555,50.7679],[7.6548,50.7698],[7.6587,50.7701],[7.6622,50.7732],[7.6589,50.7848],[7.6685,50.7862],[7.6759,50.7793],[7.6822,50.7954],[7.675,50.8027],[7.675,50.8065],[7.6795,50.81],[7.6764,50.8123],[7.6699,50.8124],[7.6641,50.8154],[7.661,50.8204],[7.6664,50.8208],[7.6692,50.8186],[7.6746,50.8192],[7.6817,50.822],[7.6994,50.825],[7.7065,50.8306],[7.7064,50.8339],[7.7136,50.8336],[7.7143,50.8404],[7.7217,50.8432],[7.7293,50.8505],[7.7369,50.8472],[7.7467,50.8469],[7.758,50.8435],[7.7622,50.8451],[7.7603,50.8486],[7.7548,50.8492],[7.7532,50.8514],[7.766,50.8568],[7.7541,50.8653],[7.7483,50.8672],[7.7528,50.8752],[7.7588,50.8798],[7.753,50.8884],[7.7535,50.8923],[7.7604,50.9004],[7.7588,50.9027],[7.7506,50.9057],[7.7451,50.9052],[7.7469,50.9124],[7.7358,50.9157],[7.7355,50.9178],[7.7424,50.9198],[7.7485,50.9191],[7.7545,50.9216],[7.7573,50.9202],[7.7762,50.929],[7.7859,50.9399],[7.7928,50.9423],[7.8088,50.9388],[7.8124,50.9386],[7.8133,50.94],[7.8189,50.9333],[7.8282,50.929],[7.8376,50.929],[7.8383,50.9263],[7.8465,50.9307],[7.8515,50.9258],[7.8415,50.916],[7.8384,50.9103],[7.8337,50.9083],[7.835,50.9019],[7.8327,50.8967],[7.8267,50.8908],[7.8293,50.8824],[7.8453,50.8784],[7.8688,50.8776],[7.8763,50.8748],[7.8825,50.8749],[7.8857,50.8717],[7.8871,50.8654],[7.8939,50.8645],[7.893,50.8595],[7.8973,50.8575],[7.9059,50.8481],[7.9229,50.8447],[7.9383,50.8484],[7.9529,50.846],[7.9577,50.8489],[7.967,50.844],[7.9681,50.836],[7.9736,50.8334],[7.9783,50.8333],[7.9741,50.8286],[7.9766,50.8249],[7.972,50.8147],[7.9747,50.8109],[7.9739,50.8042],[7.9673,50.7982],[7.969,50.7856],[7.9642,50.7838],[7.9689,50.7739],[7.985,50.7619],[7.984,50.761],[8.0002,50.7551],[8.0238,50.7351],[8.0338,50.7309],[8.0403,50.7257],[8.043,50.7117],[8.0397,50.6974],[8.0597,50.695],[8.0642,50.6994],[8.0713,50.7002],[8.0751,50.7048],[8.0796,50.7061],[8.0825,50.7029],[8.0992,50.7036],[8.1098,50.698],[8.1207,50.6883],[8.1211,50.6854],[8.1258,50.6858],[8.1262,50.6926],[8.1313,50.6969],[8.1374,50.694],[8.1426,50.6954],[8.1504,50.7056],[8.1509,50.7133],[8.1605,50.725],[8.159,50.7261],[8.1662,50.7325],[8.1668,50.7357],[8.1649,50.7421],[8.16,50.7427],[8.1643,50.7445],[8.1579,50.7487],[8.1549,50.7483],[8.1526,50.7545],[8.1486,50.7559],[8.1518,50.7599],[8.1467,50.7625],[8.1466,50.764],[8.1434,50.7626],[8.1356,50.7672],[8.1417,50.7717],[8.1317,50.777],[8.1277,50.7864],[8.1294,50.7875],[8.1255,50.7884],[8.1384,50.7903],[8.1425,50.7946],[8.1658,50.8035],[8.1708,50.8083],[8.1739,50.8173],[8.1806,50.8201],[8.1828,50.8249],[8.1962,50.8329],[8.2088,50.8367],[8.2142,50.8416],[8.2313,50.8506],[8.2331,50.8553],[8.2433,50.8629],[8.2596,50.8713],[8.2613,50.8755],[8.2697,50.8819],[8.292,50.8821],[8.2919,50.8772],[8.3019,50.8658],[8.3051,50.8645],[8.3055,50.8611],[8.3198,50.8614],[8.3367,50.8657],[8.3455,50.8645],[8.3527,50.8654],[8.3586,50.8607],[8.3692,50.8646],[8.3666,50.8686],[8.3719,50.8743],[8.3856,50.8758],[8.3879,50.8798],[8.388,50.8919],[8.3967,50.8945],[8.4052,50.8997],[8.4059,50.9021],[8.4267,50.9125],[8.4334,50.9182],[8.4398,50.9161],[8.4564,50.9165],[8.4587,50.9211],[8.4545,50.9276],[8.455,50.9305],[8.4505,50.933],[8.4493,50.9411],[8.4623,50.9497],[8.4596,50.9523],[8.4615,50.959],[8.4597,50.9667],[8.4692,50.969],[8.4779,50.969],[8.4734,50.975],[8.4874,50.9855],[8.4958,50.9881],[8.5014,50.9985],[8.5166,51.0058],[8.5141,51.0092],[8.5246,51.0099],[8.5308,51.0138],[8.5306,51.0182],[8.5388,51.0194],[8.5346,51.0206],[8.5358,51.0222],[8.5313,51.0293],[8.5268,51.0297],[8.5243,51.032],[8.5256,51.0343],[8.5228,51.0363],[8.5251,51.0389],[8.5206,51.0408],[8.5207,51.043],[8.5166,51.0432],[8.5143,51.0388],[8.5098,51.0376],[8.5051,51.0414],[8.5159,51.0512],[8.5204,51.0501],[8.5197,51.0535],[8.5225,51.0538],[8.5276,51.0629],[8.5222,51.069],[8.5151,51.0716],[8.5069,51.0722],[8.5032,51.0746],[8.5017,51.0795],[8.508,51.0854],[8.514,51.0869],[8.5176,51.0911],[8.5226,51.0905],[8.5281,51.097],[8.5405,51.096],[8.5453,51.0972],[8.551,51.1028],[8.5584,51.1035],[8.5646,51.1017],[8.6015,51.102],[8.6206,51.1002],[8.6379,51.0964],[8.6566,51.0949],[8.6905,51.1092],[8.7069,51.1078],[8.7197,51.1103],[8.7188,51.1157],[8.714,51.1161],[8.7127,51.1175],[8.7017,51.1166],[8.7031,51.1192],[8.7008,51.1233],[8.6963,51.1235],[8.6971,51.126],[8.6919,51.1291],[8.6922,51.1328],[8.6943,51.1364],[8.7083,51.1455],[8.7076,51.1467],[8.7133,51.1517],[8.7177,51.1515],[8.736,51.1605],[8.7369,51.1639],[8.7484,51.1686],[8.7486,51.1725],[8.7582,51.1772],[8.75,51.1815],[8.7495,51.1977],[8.7574,51.2026],[8.765,51.2039],[8.7682,51.2089],[8.75,51.2141],[8.7417,51.2184],[8.7374,51.2281],[8.7382,51.2322],[8.7308,51.2401],[8.7314,51.2441],[8.7276,51.2501],[8.7366,51.2622],[8.7218,51.2677],[8.7236,51.2693],[8.722,51.2737],[8.6958,51.2743],[8.6926,51.2764],[8.6855,51.2738],[8.6855,51.271],[8.68,51.2681],[8.6679,51.2679],[8.6526,51.2635],[8.6414,51.2633],[8.6283,51.2605],[8.6254,51.2533],[8.6092,51.2467],[8.5936,51.2475],[8.585,51.2546],[8.5853,51.257],[8.5782,51.2675],[8.5678,51.2703],[8.5563,51.2775],[8.5664,51.2878],[8.586,51.2982],[8.5881,51.303],[8.5926,51.3039],[8.6032,51.3149],[8.605,51.3237],[8.6133,51.3274],[8.6175,51.3272],[8.6204,51.3309],[8.6211,51.3365],[8.6378,51.3436],[8.6438,51.3411],[8.6537,51.3398],[8.6556,51.3496],[8.6597,51.3484],[8.6623,51.3522],[8.667,51.3526],[8.6666,51.3557],[8.6719,51.3564],[8.676,51.3596],[8.6808,51.3595],[8.6835,51.3622],[8.6767,51.3705],[8.6774,51.3718],[8.6938,51.3768],[8.7005,51.3774],[8.7103,51.3742],[8.7163,51.3748],[8.7329,51.3724],[8.74,51.3752],[8.7603,51.3783],[8.7729,51.3854],[8.7818,51.3857],[8.804,51.3908],[8.8185,51.3887],[8.8234,51.3898],[8.8273,51.3852],[8.8366,51.3885],[8.838,51.3833],[8.854,51.3771],[8.8648,51.3806],[8.8896,51.3927],[8.9159,51.3928],[8.9395,51.3895],[8.9389,51.3936],[8.9431,51.3969],[8.9403,51.403],[8.9422,51.4064],[8.9408,51.4103],[8.9428,51.4119],[8.9502,51.4122],[8.9515,51.4135],[8.9454,51.4188],[8.9481,51.4282],[8.9342,51.4313],[8.9188,51.4303],[8.9182,51.4367],[8.9214,51.4399],[8.9219,51.4422],[8.92,51.443],[8.9218,51.4461],[8.9197,51.446],[8.9194,51.4491],[8.9166,51.4491],[8.914,51.4526],[8.9147,51.4556],[8.9107,51.4619],[8.8941,51.4712],[8.8904,51.4819],[8.897,51.4859],[8.9133,51.4916],[8.9275,51.4935],[8.9415,51.4998],[8.9743,51.5075],[9.0049,51.5124],[9.0176,51.5182],[9.021,51.5186],[9.0229,51.5172],[9.024,51.5113],[9.0393,51.5019],[9.0575,51.5025],[9.0607,51.4987],[9.0669,51.4993],[9.0765,51.5035],[9.0923,51.4944],[9.0921,51.4873],[9.0772,51.4649],[9.0869,51.4612],[9.0847,51.4564],[9.0864,51.4491],[9.0943,51.4446],[9.1026,51.4432],[9.1318,51.4463],[9.1357,51.4502],[9.1493,51.442],[9.1584,51.4431],[9.1616,51.4442],[9.1626,51.45],[9.1745,51.4607],[9.1744,51.4629],[9.1851,51.4663],[9.2165,51.4596],[9.219,51.4727],[9.2166,51.4812],[9.2233,51.485],[9.2252,51.4898],[9.2274,51.4889],[9.2285,51.4907],[9.2398,51.4909],[9.2367,51.4924],[9.2421,51.4977],[9.2568,51.4989],[9.2643,51.4979],[9.2694,51.5071],[9.2728,51.5075],[9.2758,51.5113],[9.2823,51.5144],[9.2869,51.5155],[9.3,51.5147],[9.303,51.5121],[9.3083,51.5126],[9.3103,51.5189],[9.3159,51.523],[9.3149,51.5272],[9.31,51.5309],[9.3111,51.5373],[9.3143,51.5376],[9.3168,51.5408],[9.316,51.5436],[9.3187,51.5442],[9.32,51.5468],[9.317,51.5524],[9.3251,51.5534],[9.3311,51.5568],[9.3356,51.56],[9.3383,51.5656],[9.3461,51.5703],[9.3475,51.5757],[9.3522,51.5801],[9.3653,51.585],[9.3693,51.5911],[9.3735,51.591],[9.3706,51.5941],[9.3563,51.5977],[9.3497,51.6043],[9.337,51.612],[9.3371,51.6147],[9.358,51.6203],[9.3713,51.6192],[9.3719,51.6256],[9.3783,51.6267],[9.3904,51.6267],[9.3985,51.6246],[9.3989,51.6263],[9.4267,51.6308],[9.4449,51.6442],[9.437,51.6482],[9.4405,51.6504]]],[[[6.2379,50.5779],[6.2395,50.5875],[6.2252,50.5905],[6.2191,50.5814],[6.2063,50.5763],[6.2031,50.5693],[6.1919,50.5655],[6.1893,50.5661],[6.1891,50.5645],[6.1744,50.5575],[6.1784,50.554],[6.178,50.5416],[6.1886,50.5403],[6.1967,50.5362],[6.1975,50.5408],[6.2006,50.5445],[6.2058,50.5465],[6.2096,50.5551],[6.2145,50.5571],[6.2214,50.5558],[6.2247,50.5567],[6.2259,50.562],[6.2342,50.5665],[6.2379,50.5779]]],[[[6.2518,50.627],[6.2608,50.6286],[6.2675,50.6265],[6.2709,50.629],[6.2645,50.6405],[6.2608,50.6416],[6.2455,50.6398],[6.2315,50.648],[6.228,50.6471],[6.2249,50.6409],[6.2147,50.6392],[6.1882,50.6393],[6.1839,50.6413],[6.1824,50.647],[6.1785,50.6444],[6.1666,50.6437],[6.1833,50.6323],[6.1802,50.6285],[6.1756,50.6273],[6.1818,50.6238],[6.1888,50.6274],[6.1872,50.6301],[6.1943,50.6339],[6.1996,50.6314],[6.2029,50.6324],[6.2151,50.6312],[6.2169,50.6322],[6.2355,50.6259],[6.2518,50.627]]],[[[6.1926,50.6626],[6.1887,50.6633],[6.167,50.661],[6.1734,50.6562],[6.1834,50.652],[6.1814,50.6497],[6.1839,50.6489],[6.1944,50.6575],[6.1926,50.6626]]]]}},{"type":"Feature","properties":{"id":"FR-IDF","name":"Île-de-France","countryCode":"FRA","country":"France"},"geometry":{"type":"Polygon","coordinates":[[[3.485,48.8518],[3.4702,48.8512],[3.4662,48.8426],[3.4627,48.8398],[3.4628,48.8372],[3.4589,48.8415],[3.4458,48.8433],[3.4457,48.8472],[3.4508,48.8491],[3.4485,48.853],[3.4521,48.8562],[3.4466,48.8602],[3.433,48.8596],[3.4261,48.8634],[3.4242,48.8675],[3.421,48.8674],[3.4185,48.8654],[3.4155,48.8658],[3.4135,48.864],[3.4043,48.864],[3.3997,48.8663],[3.4016,48.8706],[3.406,48.871],[3.4059,48.8761],[3.3934,48.8756],[3.3917,48.8708],[3.3859,48.8723],[3.3814,48.8716],[3.3803,48.8797],[3.3828,48.8808],[3.3811,48.8839],[3.3836,48.8845],[3.3807,48.8872],[3.3842,48.888],[3.3838,48.8891],[3.3799,48.8887],[3.3693,48.8938],[3.3707,48.9052],[3.376,48.9074],[3.3764,48.9095],[3.3715,48.9181],[3.3721,48.924],[3.368,48.9283],[3.3671,48.9223],[3.3661,48.9231],[3.3597,48.918],[3.3536,48.9152],[3.3503,48.918],[3.3492,48.9156],[3.3468,48.9171],[3.3367,48.9094],[3.3343,48.9107],[3.3303,48.9087],[3.3267,48.9129],[3.3133,48.9213],[3.3126,48.9338],[3.3044,48.9488],[3.2845,48.9405],[3.2719,48.9376],[3.2649,48.9388],[3.2602,48.9448],[3.263,48.949],[3.2571,48.9527],[3.2593,48.9536],[3.2502,48.9739],[3.2434,48.977],[3.2312,48.9769],[3.231,48.9814],[3.227,48.9825],[3.2294,48.9886],[3.2247,48.9875],[3.2251,48.9913],[3.2094,48.994],[3.2073,49.0007],[3.203,49.0008],[3.1995,49.0062],[3.1961,49.0048],[3.1982,49.0088],[3.1913,49.0086],[3.181,49.013],[3.1675,49.0125],[3.1686,49.017],[3.1661,49.0207],[3.1629,49.0202],[3.1611,49.0243],[3.1713,49.0298],[3.1741,49.0285],[3.1771,49.0301],[3.1767,49.0326],[3.1796,49.0339],[3.1789,49.0381],[3.1831,49.0412],[3.1798,49.0427],[3.1807,49.0446],[3.1899,49.046],[3.1907,49.0513],[3.1901,49.0526],[3.1822,49.0519],[3.1806,49.0555],[3.1819,49.0624],[3.1765,49.07],[3.1662,49.078],[3.1534,49.0834],[3.1589,49.0877],[3.1652,49.0999],[3.1477,49.101],[3.1438,49.1021],[3.1371,49.1076],[3.126,49.106],[3.1214,49.1093],[3.1147,49.1072],[3.1026,49.108],[3.0951,49.1118],[3.0941,49.1105],[3.084,49.1127],[3.0796,49.112],[3.0785,49.1145],[3.0696,49.1176],[3.0703,49.1163],[3.0673,49.1142],[3.0689,49.1135],[3.0648,49.1114],[3.0595,49.1028],[3.0559,49.1009],[3.0555,49.0965],[3.0594,49.091],[3.0635,49.0903],[3.0661,49.0852],[3.0585,49.0885],[3.0573,49.087],[3.0551,49.0883],[3.0545,49.0858],[3.0508,49.085],[3.0471,49.0867],[3.0397,49.0864],[3.0329,49.0889],[3.0317,49.0857],[3.0155,49.0913],[3.0085,49.0916],[3.006,49.0864],[3.0009,49.0895],[2.9994,49.0874],[2.9964,49.0877],[2.9954,49.0855],[2.9912,49.084],[2.9868,49.0709],[2.9776,49.0722],[2.9773,49.0743],[2.9751,49.0742],[2.9725,49.0854],[2.9691,49.0856],[2.9714,49.089],[2.9687,49.0892],[2.968,49.0915],[2.9588,49.0878],[2.9565,49.0853],[2.9458,49.0883],[2.9415,49.0773],[2.9341,49.0791],[2.9335,49.0816],[2.9233,49.0776],[2.9015,49.0854],[2.8957,49.0773],[2.8875,49.0795],[2.8836,49.0761],[2.8803,49.0759],[2.8796,49.0738],[2.8759,49.0741],[2.8702,49.0701],[2.8561,49.0701],[2.8542,49.0746],[2.8498,49.0774],[2.8451,49.0848],[2.833,49.083],[2.8224,49.0862],[2.8092,49.0975],[2.7931,49.0905],[2.7839,49.0889],[2.7891,49.083],[2.7687,49.0833],[2.7873,49.0755],[2.7779,49.0703],[2.7748,49.0707],[2.766,49.0646],[2.754,49.0608],[2.7346,49.0605],[2.7323,49.0705],[2.7298,49.075],[2.7249,49.0756],[2.7242,49.0807],[2.7199,49.079],[2.721,49.0751],[2.7062,49.0653],[2.6958,49.0646],[2.6896,49.0678],[2.695,49.075],[2.6832,49.082],[2.6775,49.0882],[2.6731,49.0911],[2.6629,49.0936],[2.6613,49.0968],[2.6586,49.096],[2.6505,49.1009],[2.6411,49.0991],[2.6408,49.1011],[2.6354,49.102],[2.6365,49.1072],[2.6339,49.1086],[2.6308,49.1028],[2.6242,49.1006],[2.6221,49.0948],[2.6161,49.0939],[2.6101,49.095],[2.6072,49.0893],[2.5974,49.0815],[2.5836,49.0798],[2.5827,49.0824],[2.5789,49.0843],[2.5804,49.0867],[2.5777,49.0878],[2.5801,49.0898],[2.5786,49.092],[2.5721,49.0934],[2.571,49.0951],[2.567,49.0941],[2.5624,49.0978],[2.5609,49.097],[2.5579,49.0987],[2.5591,49.102],[2.556,49.1094],[2.5518,49.1124],[2.557,49.1219],[2.5569,49.1237],[2.5534,49.1245],[2.5477,49.1203],[2.5471,49.1164],[2.5396,49.1164],[2.5377,49.1177],[2.5391,49.1193],[2.544,49.1201],[2.5421,49.1222],[2.533,49.1195],[2.5313,49.0995],[2.5104,49.1043],[2.505,49.1038],[2.4901,49.1062],[2.4912,49.1114],[2.503,49.1178],[2.4991,49.1222],[2.4753,49.1285],[2.4775,49.131],[2.4753,49.131],[2.4715,49.1354],[2.4613,49.1361],[2.4625,49.1393],[2.4589,49.1409],[2.4477,49.136],[2.4355,49.134],[2.4403,49.1461],[2.4257,49.1494],[2.4155,49.1499],[2.4156,49.1518],[2.4131,49.1524],[2.3912,49.1493],[2.3807,49.1579],[2.3729,49.1595],[2.37,49.1587],[2.3703,49.1568],[2.3671,49.1558],[2.365,49.1524],[2.3622,49.1525],[2.3593,49.1473],[2.3549,49.1495],[2.3534,49.1512],[2.3554,49.1533],[2.346,49.1623],[2.3206,49.1813],[2.3196,49.1824],[2.3216,49.1844],[2.3133,49.1863],[2.3108,49.1867],[2.3104,49.185],[2.3062,49.1848],[2.3057,49.1834],[2.3013,49.184],[2.2995,49.176],[2.2966,49.1762],[2.2942,49.1717],[2.2888,49.1707],[2.2895,49.168],[2.2851,49.1657],[2.2865,49.1599],[2.2757,49.1588],[2.2682,49.1558],[2.2622,49.1584],[2.2601,49.1553],[2.2538,49.1526],[2.2419,49.1534],[2.2413,49.1516],[2.2233,49.1521],[2.2168,49.1541],[2.2242,49.1624],[2.2304,49.1638],[2.2354,49.167],[2.2238,49.174],[2.2186,49.1807],[2.212,49.1766],[2.2132,49.1759],[2.2029,49.1741],[2.1991,49.1753],[2.1953,49.1731],[2.182,49.1737],[2.1761,49.176],[2.1749,49.175],[2.1794,49.1736],[2.1823,49.1704],[2.1793,49.1708],[2.1715,49.1679],[2.1711,49.1648],[2.1688,49.1639],[2.1626,49.1671],[2.158,49.1726],[2.1645,49.1795],[2.148,49.185],[2.1473,49.1881],[2.1412,49.1859],[2.1408,49.1789],[2.1365,49.179],[2.1352,49.1912],[2.1318,49.1907],[2.128,49.1936],[2.1223,49.189],[2.1164,49.1869],[2.111,49.187],[2.1091,49.1909],[2.1036,49.1889],[2.1021,49.1904],[2.0977,49.1892],[2.0923,49.1942],[2.089,49.1938],[2.0889,49.1961],[2.0927,49.1953],[2.0925,49.1975],[2.0903,49.1982],[2.0922,49.2012],[2.0905,49.2017],[2.0909,49.2086],[2.0879,49.2091],[2.0834,49.2056],[2.0827,49.2069],[2.079,49.2059],[2.0807,49.2107],[2.0748,49.2088],[2.0725,49.2042],[2.0558,49.1989],[2.0473,49.1987],[2.047,49.1959],[2.0394,49.1934],[2.0336,49.1881],[2.0218,49.1888],[2.0015,49.1758],[1.9954,49.177],[1.9922,49.1762],[1.9824,49.1816],[1.9736,49.1839],[1.9621,49.1744],[1.9497,49.1705],[1.9453,49.1715],[1.9354,49.1696],[1.9344,49.1735],[1.9315,49.175],[1.883,49.1626],[1.8837,49.1661],[1.8767,49.1714],[1.8761,49.1751],[1.8582,49.17],[1.8568,49.1734],[1.851,49.1705],[1.8447,49.1707],[1.8364,49.1645],[1.8343,49.1652],[1.8374,49.1717],[1.8347,49.1745],[1.8359,49.1764],[1.8325,49.176],[1.8268,49.1797],[1.8156,49.1749],[1.816,49.1739],[1.8118,49.174],[1.8145,49.1761],[1.8131,49.1783],[1.8036,49.18],[1.8036,49.181],[1.8003,49.1804],[1.8,49.1823],[1.8033,49.1818],[1.8031,49.1851],[1.7955,49.1853],[1.7939,49.1803],[1.7909,49.18],[1.7848,49.1858],[1.7809,49.1843],[1.7764,49.1849],[1.7549,49.1746],[1.7401,49.1808],[1.7443,49.1833],[1.741,49.1857],[1.7399,49.1921],[1.7364,49.1928],[1.7368,49.1949],[1.7259,49.1942],[1.7251,49.2008],[1.7225,49.201],[1.7221,49.2025],[1.7199,49.2015],[1.7155,49.2027],[1.7149,49.2074],[1.7202,49.2068],[1.722,49.21],[1.7301,49.2097],[1.7337,49.211],[1.7323,49.2156],[1.7357,49.2161],[1.7341,49.2213],[1.7404,49.2243],[1.7384,49.2241],[1.7297,49.2292],[1.7153,49.2334],[1.7121,49.233],[1.7126,49.2413],[1.7093,49.2415],[1.7083,49.2359],[1.7044,49.2324],[1.7025,49.2312],[1.7039,49.2289],[1.6988,49.2262],[1.6982,49.2242],[1.6914,49.2235],[1.6885,49.2185],[1.6774,49.2136],[1.677,49.2118],[1.674,49.2119],[1.6722,49.2064],[1.6769,49.2026],[1.6748,49.1968],[1.6705,49.1934],[1.6715,49.1914],[1.669,49.1871],[1.6716,49.1804],[1.6674,49.1797],[1.6661,49.1768],[1.6702,49.1695],[1.6648,49.166],[1.6629,49.1593],[1.6606,49.1574],[1.6645,49.1534],[1.6558,49.1485],[1.6514,49.1387],[1.6527,49.135],[1.6567,49.1376],[1.6578,49.1319],[1.6468,49.1243],[1.6424,49.1166],[1.6399,49.1168],[1.6323,49.112],[1.633,49.1108],[1.6297,49.1102],[1.6269,49.1024],[1.6214,49.1007],[1.6213,49.0981],[1.6184,49.0969],[1.6171,49.0939],[1.6234,49.0935],[1.6232,49.0907],[1.6184,49.0886],[1.6188,49.0875],[1.6234,49.086],[1.6087,49.0777],[1.6035,49.0832],[1.607,49.0841],[1.605,49.0852],[1.5786,49.0782],[1.573,49.0782],[1.569,49.0731],[1.5579,49.0691],[1.5504,49.0726],[1.5427,49.0725],[1.5411,49.0739],[1.523,49.0682],[1.5171,49.0751],[1.5177,49.0793],[1.5125,49.0838],[1.5079,49.0854],[1.5067,49.0841],[1.5143,49.0795],[1.5093,49.0699],[1.5097,49.0663],[1.5023,49.0589],[1.4934,49.0569],[1.487,49.0516],[1.4797,49.052],[1.4618,49.064],[1.4573,49.0577],[1.4473,49.0535],[1.4528,49.0504],[1.4463,49.0463],[1.4582,49.0345],[1.458,49.026],[1.477,49.0168],[1.4777,49.0139],[1.4739,49.0097],[1.48,49.0072],[1.4807,49.001],[1.4691,48.9932],[1.4717,48.9897],[1.4615,48.989],[1.4615,48.9857],[1.466,48.9842],[1.471,48.975],[1.4776,48.977],[1.4753,48.9795],[1.4787,48.9807],[1.4813,48.9785],[1.4842,48.9798],[1.4984,48.9791],[1.5079,48.9839],[1.5124,48.9787],[1.5183,48.9784],[1.4966,48.9695],[1.4918,48.9646],[1.4999,48.9602],[1.499,48.9568],[1.4952,48.9568],[1.5011,48.9514],[1.5055,48.9523],[1.5051,48.9547],[1.5109,48.9536],[1.5014,48.941],[1.5118,48.935],[1.5073,48.9276],[1.5143,48.9219],[1.5185,48.9253],[1.5384,48.9225],[1.5402,48.9166],[1.5453,48.9117],[1.5412,48.9084],[1.5381,48.9085],[1.5388,48.9047],[1.5399,48.9053],[1.5441,48.9012],[1.546,48.9013],[1.5457,48.8995],[1.5502,48.8985],[1.5534,48.8935],[1.5634,48.8905],[1.5595,48.8818],[1.5566,48.8821],[1.5514,48.875],[1.5487,48.8759],[1.5456,48.8702],[1.5477,48.8709],[1.5563,48.8644],[1.559,48.8638],[1.5603,48.8677],[1.569,48.8657],[1.5782,48.8607],[1.5839,48.8606],[1.5773,48.8447],[1.5862,48.8435],[1.5981,48.8389],[1.5935,48.834],[1.5844,48.8325],[1.5789,48.8297],[1.5844,48.8261],[1.5916,48.815],[1.5794,48.8097],[1.5838,48.8069],[1.5818,48.8052],[1.5773,48.8049],[1.58,48.8001],[1.5779,48.7988],[1.5793,48.7966],[1.5776,48.7951],[1.5809,48.7935],[1.5754,48.7909],[1.5767,48.783],[1.5815,48.7801],[1.5803,48.7775],[1.5845,48.7773],[1.5831,48.7759],[1.5879,48.7737],[1.5815,48.7655],[1.5848,48.7634],[1.5819,48.7619],[1.6084,48.7607],[1.6101,48.7576],[1.6268,48.7481],[1.6217,48.7418],[1.6236,48.7413],[1.6206,48.7361],[1.6161,48.7364],[1.6012,48.7204],[1.5969,48.7212],[1.5947,48.7168],[1.5871,48.7103],[1.5947,48.7091],[1.5764,48.7026],[1.5852,48.6994],[1.5823,48.6964],[1.5911,48.6928],[1.5943,48.6951],[1.6055,48.6893],[1.6118,48.6893],[1.6043,48.6754],[1.608,48.6725],[1.6011,48.6684],[1.6028,48.6631],[1.6213,48.6497],[1.6225,48.6518],[1.6259,48.6494],[1.6271,48.6507],[1.632,48.6488],[1.6431,48.6513],[1.6438,48.6481],[1.6384,48.6452],[1.6457,48.64],[1.6512,48.6382],[1.6493,48.6323],[1.6574,48.6298],[1.6583,48.6279],[1.655,48.6226],[1.6665,48.6135],[1.6674,48.617],[1.6727,48.6158],[1.6735,48.6135],[1.6775,48.6182],[1.6858,48.6203],[1.6909,48.6171],[1.6823,48.6156],[1.6871,48.6112],[1.6894,48.6115],[1.6916,48.6147],[1.7033,48.6118],[1.715,48.6147],[1.7185,48.61],[1.7172,48.6076],[1.7188,48.6057],[1.7019,48.585],[1.71,48.5815],[1.7092,48.578],[1.727,48.5726],[1.7321,48.5755],[1.7367,48.5724],[1.7426,48.5734],[1.7435,48.5724],[1.746,48.5761],[1.7575,48.5751],[1.7653,48.5694],[1.7621,48.5676],[1.7625,48.5651],[1.7684,48.5587],[1.7769,48.5557],[1.778,48.5526],[1.7875,48.5538],[1.7756,48.5277],[1.7783,48.5178],[1.7756,48.5139],[1.7771,48.5088],[1.7803,48.5093],[1.7829,48.5003],[1.789,48.5002],[1.7887,48.4974],[1.7905,48.4971],[1.7854,48.4901],[1.7921,48.488],[1.7914,48.487],[1.7965,48.4846],[1.7913,48.4811],[1.794,48.4793],[1.7921,48.4781],[1.7956,48.4778],[1.8033,48.4725],[1.801,48.4716],[1.8032,48.4692],[1.8013,48.466],[1.8202,48.4656],[1.8367,48.4671],[1.8355,48.4636],[1.8396,48.4577],[1.8397,48.4523],[1.8444,48.452],[1.8449,48.4463],[1.8575,48.4468],[1.8576,48.4455],[1.8639,48.4445],[1.8643,48.4421],[1.871,48.4398],[1.8788,48.441],[1.9043,48.4386],[1.9044,48.44],[1.9065,48.4398],[1.9066,48.4456],[1.9116,48.4454],[1.9119,48.4478],[1.9209,48.448],[1.9231,48.4533],[1.922,48.4577],[1.9295,48.4571],[1.9277,48.4545],[1.9304,48.4536],[1.9285,48.4511],[1.9326,48.4494],[1.9315,48.4448],[1.9346,48.4438],[1.933,48.4422],[1.9357,48.4407],[1.9383,48.4418],[1.9429,48.4411],[1.9363,48.4345],[1.9395,48.4342],[1.937,48.4313],[1.9388,48.4288],[1.9368,48.4279],[1.9407,48.4258],[1.9397,48.4198],[1.9322,48.4205],[1.9321,48.4165],[1.9275,48.4166],[1.9258,48.4128],[1.9327,48.4109],[1.9283,48.4061],[1.9321,48.4034],[1.9435,48.4061],[1.9521,48.4064],[1.9733,48.4014],[1.9782,48.4018],[1.9729,48.3948],[1.9736,48.3888],[1.9667,48.3806],[1.9763,48.3802],[1.98,48.3784],[1.9799,48.3747],[1.9817,48.374],[1.9776,48.3688],[1.984,48.3685],[1.9847,48.3648],[1.9892,48.3636],[1.9728,48.3559],[1.9749,48.3447],[1.9685,48.3414],[1.9824,48.3285],[1.9743,48.3233],[1.9808,48.3187],[1.9791,48.3186],[1.979,48.3129],[1.9742,48.3128],[1.9735,48.316],[1.9592,48.3087],[1.9588,48.3066],[1.9624,48.3055],[1.9652,48.2955],[1.9726,48.2967],[1.9712,48.2932],[1.9738,48.2932],[1.9756,48.296],[1.9822,48.2952],[1.9804,48.2925],[1.9742,48.2929],[1.9723,48.2882],[1.9807,48.287],[1.9813,48.2883],[1.9901,48.2867],[1.9901,48.2877],[2.0046,48.287],[2.0047,48.2849],[2.0073,48.2849],[2.0077,48.2861],[2.0114,48.2849],[2.0201,48.2863],[2.0204,48.2879],[2.0242,48.2877],[2.0249,48.2892],[2.0377,48.2883],[2.0368,48.2867],[2.0408,48.2846],[2.0519,48.2903],[2.0527,48.2954],[2.0787,48.2938],[2.0894,48.2948],[2.0908,48.2992],[2.1054,48.3077],[2.1137,48.3074],[2.1104,48.297],[2.1352,48.2992],[2.1639,48.2984],[2.1609,48.3047],[2.1556,48.3041],[2.1521,48.3161],[2.1692,48.3128],[2.1716,48.316],[2.1809,48.3115],[2.1852,48.3216],[2.1845,48.3226],[2.1819,48.3215],[2.182,48.3241],[2.1881,48.328],[2.188,48.3324],[2.2029,48.3388],[2.2052,48.3423],[2.202,48.3432],[2.2022,48.3446],[2.2041,48.3449],[2.2073,48.3449],[2.2072,48.3418],[2.2126,48.3405],[2.2127,48.3375],[2.2157,48.3372],[2.2152,48.3343],[2.2178,48.3336],[2.2194,48.3354],[2.2239,48.3364],[2.2292,48.3314],[2.2278,48.3295],[2.2319,48.3277],[2.2344,48.3277],[2.2359,48.3293],[2.2336,48.3306],[2.2378,48.3322],[2.2431,48.3298],[2.243,48.3329],[2.2462,48.3312],[2.238,48.3163],[2.2524,48.3166],[2.2462,48.3084],[2.2452,48.2982],[2.2534,48.3],[2.259,48.3075],[2.2641,48.3076],[2.2648,48.3094],[2.2624,48.3103],[2.2668,48.3147],[2.2722,48.3136],[2.2724,48.3119],[2.2833,48.3128],[2.2956,48.3079],[2.3002,48.3113],[2.2985,48.3121],[2.3112,48.3289],[2.313,48.3288],[2.3127,48.3306],[2.3171,48.3317],[2.318,48.3302],[2.3237,48.3323],[2.3245,48.3297],[2.3264,48.3297],[2.3276,48.3332],[2.3293,48.3328],[2.3281,48.3265],[2.335,48.3275],[2.3419,48.3161],[2.346,48.3173],[2.3461,48.3161],[2.3488,48.3166],[2.3486,48.3152],[2.3553,48.3135],[2.354,48.3129],[2.3583,48.3084],[2.3667,48.312],[2.3696,48.3088],[2.388,48.3127],[2.3892,48.3117],[2.3944,48.3148],[2.3973,48.3132],[2.4002,48.3159],[2.3985,48.3188],[2.403,48.3206],[2.4042,48.315],[2.4099,48.3082],[2.4189,48.3016],[2.4234,48.2944],[2.4232,48.2875],[2.4201,48.2851],[2.4176,48.2784],[2.4195,48.2756],[2.4178,48.2719],[2.4213,48.2679],[2.4196,48.2659],[2.4234,48.2603],[2.4267,48.2598],[2.428,48.2567],[2.4323,48.2549],[2.4385,48.2547],[2.4402,48.2533],[2.4463,48.2553],[2.4501,48.2499],[2.4671,48.2546],[2.4676,48.2528],[2.4687,48.2553],[2.4788,48.2498],[2.4761,48.2446],[2.4842,48.2389],[2.4866,48.2401],[2.5063,48.2386],[2.5066,48.2258],[2.5185,48.2283],[2.5133,48.2245],[2.5153,48.2176],[2.5141,48.2145],[2.5175,48.2144],[2.5169,48.21],[2.521,48.2066],[2.5186,48.2013],[2.5228,48.2004],[2.523,48.1949],[2.5128,48.1931],[2.5137,48.1904],[2.5179,48.1903],[2.5072,48.1798],[2.5156,48.1746],[2.5121,48.1708],[2.5168,48.1668],[2.506,48.1565],[2.4832,48.1646],[2.4784,48.155],[2.4753,48.1562],[2.4736,48.154],[2.4719,48.1545],[2.4746,48.149],[2.4675,48.1483],[2.4599,48.1369],[2.4519,48.1345],[2.4514,48.1322],[2.444,48.1316],[2.4418,48.1248],[2.4489,48.1257],[2.4543,48.1224],[2.4649,48.1294],[2.4681,48.1273],[2.4691,48.1294],[2.4721,48.1281],[2.4763,48.1298],[2.4904,48.1266],[2.5151,48.1267],[2.5215,48.1251],[2.5196,48.127],[2.5379,48.1407],[2.5593,48.1418],[2.5706,48.1409],[2.5747,48.1313],[2.5817,48.1324],[2.603,48.1316],[2.6132,48.133],[2.6218,48.1364],[2.6392,48.1389],[2.6439,48.1375],[2.6644,48.1201],[2.6693,48.1209],[2.6738,48.1254],[2.677,48.1258],[2.6926,48.1238],[2.6962,48.1253],[2.7055,48.1231],[2.7075,48.126],[2.718,48.1323],[2.7206,48.137],[2.7556,48.1459],[2.7536,48.1532],[2.7463,48.157],[2.7461,48.1586],[2.7406,48.16],[2.7367,48.1661],[2.7528,48.1624],[2.7552,48.1602],[2.7598,48.162],[2.7584,48.1635],[2.7676,48.165],[2.768,48.1629],[2.7715,48.1616],[2.7798,48.1676],[2.792,48.1645],[2.7953,48.1691],[2.7974,48.1674],[2.7995,48.1685],[2.8015,48.1644],[2.8083,48.1663],[2.8104,48.166],[2.8114,48.1637],[2.8089,48.1588],[2.798,48.1509],[2.8012,48.1496],[2.7968,48.1418],[2.8008,48.1316],[2.8101,48.1302],[2.8137,48.1317],[2.8209,48.1297],[2.8242,48.134],[2.8363,48.1341],[2.8412,48.1384],[2.85,48.1413],[2.8595,48.1479],[2.8677,48.1566],[2.9366,48.1635],[2.934,48.1759],[2.937,48.1831],[2.9403,48.183],[2.9547,48.1925],[2.9595,48.1916],[2.971,48.1942],[2.9738,48.1978],[2.9712,48.2014],[2.9732,48.2056],[2.98,48.2056],[2.9891,48.2092],[2.9923,48.2046],[2.9968,48.2073],[3.0045,48.207],[3.0086,48.2124],[3.0071,48.2148],[3.0115,48.2206],[3.0231,48.2304],[3.0191,48.2318],[3.0207,48.2341],[3.0188,48.2351],[3.0275,48.2416],[3.026,48.242],[3.0314,48.2488],[3.0358,48.2511],[3.0418,48.2494],[3.0474,48.2497],[3.0427,48.2624],[3.046,48.2669],[3.0455,48.2707],[3.0247,48.276],[3.0296,48.2858],[3.0186,48.295],[3.0272,48.3007],[3.0275,48.3028],[3.0196,48.3031],[3.0146,48.3063],[3.0269,48.3169],[3.0262,48.319],[3.029,48.3197],[3.0281,48.3216],[3.0344,48.3234],[3.0372,48.328],[3.0434,48.3307],[3.0432,48.3323],[3.0367,48.3349],[3.0367,48.3399],[3.0396,48.3418],[3.0371,48.3427],[3.0461,48.358],[3.0503,48.36],[3.0543,48.3605],[3.059,48.3578],[3.063,48.3574],[3.0697,48.358],[3.0792,48.3613],[3.0875,48.3572],[3.0987,48.3577],[3.101,48.3561],[3.0993,48.3521],[3.1034,48.3494],[3.108,48.3535],[3.1139,48.364],[3.122,48.3686],[3.1283,48.3673],[3.1279,48.3696],[3.1326,48.3693],[3.1398,48.3726],[3.141,48.3689],[3.1466,48.3656],[3.1481,48.37],[3.1503,48.3695],[3.1524,48.3714],[3.1553,48.3702],[3.1569,48.3722],[3.1669,48.3709],[3.1716,48.3774],[3.175,48.3775],[3.1812,48.3744],[3.1846,48.3681],[3.1905,48.371],[3.1974,48.3676],[3.2002,48.3636],[3.2233,48.3705],[3.2249,48.3692],[3.233,48.3702],[3.2321,48.3693],[3.2481,48.3675],[3.2497,48.3655],[3.2545,48.3651],[3.2567,48.3679],[3.2618,48.3684],[3.2611,48.373],[3.2672,48.3736],[3.268,48.3778],[3.2723,48.3788],[3.2732,48.3772],[3.2825,48.3774],[3.2827,48.3816],[3.2913,48.38],[3.2897,48.3758],[3.2996,48.3789],[3.2995,48.3756],[3.3052,48.373],[3.311,48.373],[3.3093,48.377],[3.3124,48.3772],[3.3186,48.376],[3.3225,48.3736],[3.3298,48.3722],[3.3308,48.3733],[3.3355,48.3702],[3.3364,48.3731],[3.3483,48.3733],[3.3511,48.3787],[3.3567,48.3785],[3.3567,48.371],[3.3652,48.3723],[3.3657,48.3759],[3.3629,48.3761],[3.3628,48.3824],[3.3672,48.3943],[3.3735,48.3934],[3.3755,48.3986],[3.3808,48.3986],[3.3833,48.4001],[3.3947,48.3955],[3.3956,48.3925],[3.4003,48.3921],[3.402,48.3896],[3.4059,48.3911],[3.4064,48.3898],[3.4147,48.3902],[3.4223,48.4161],[3.4144,48.4156],[3.4128,48.4141],[3.405,48.4155],[3.4033,48.4147],[3.4024,48.4176],[3.4077,48.4156],[3.4091,48.4176],[3.4115,48.4175],[3.4119,48.4214],[3.4049,48.4234],[3.4015,48.4223],[3.4011,48.424],[3.3974,48.4246],[3.3917,48.4232],[3.3918,48.4267],[3.3948,48.428],[3.3945,48.4318],[3.3973,48.4341],[3.3946,48.4363],[3.4016,48.4357],[3.4015,48.4377],[3.4049,48.4394],[3.404,48.4428],[3.4074,48.4493],[3.4063,48.4529],[3.4004,48.4576],[3.4005,48.4601],[3.396,48.4611],[3.3941,48.4633],[3.3959,48.4659],[3.4002,48.4664],[3.3996,48.4681],[3.3968,48.4685],[3.3961,48.4705],[3.3911,48.4704],[3.3885,48.4772],[3.3842,48.478],[3.3837,48.4796],[3.3939,48.4813],[3.3936,48.4844],[3.3998,48.4835],[3.3992,48.4871],[3.4037,48.4858],[3.4042,48.488],[3.4075,48.4884],[3.4092,48.4856],[3.411,48.4874],[3.4145,48.4871],[3.4212,48.492],[3.424,48.4902],[3.4286,48.4918],[3.4292,48.4903],[3.4346,48.4903],[3.4333,48.4931],[3.4352,48.4969],[3.4271,48.5064],[3.4239,48.5143],[3.4054,48.5279],[3.4142,48.5335],[3.4155,48.5323],[3.4235,48.5336],[3.4262,48.5309],[3.4304,48.5312],[3.434,48.5287],[3.439,48.5281],[3.4496,48.5305],[3.4509,48.5286],[3.457,48.5296],[3.4733,48.5404],[3.4818,48.5415],[3.4795,48.5453],[3.4862,48.5451],[3.4862,48.547],[3.484,48.55],[3.4765,48.5518],[3.4771,48.5574],[3.474,48.5647],[3.4718,48.564],[3.4654,48.5705],[3.4731,48.5766],[3.4853,48.5803],[3.4935,48.5901],[3.5163,48.5898],[3.512,48.5964],[3.503,48.6046],[3.5352,48.6103],[3.5402,48.6131],[3.5406,48.6163],[3.5567,48.6161],[3.559,48.6177],[3.548,48.6267],[3.5384,48.6315],[3.5321,48.6331],[3.5193,48.6331],[3.5176,48.637],[3.5251,48.6401],[3.5278,48.6435],[3.5303,48.6428],[3.5292,48.6451],[3.5336,48.6465],[3.5132,48.6435],[3.4923,48.6475],[3.4761,48.6371],[3.4615,48.6358],[3.4621,48.6347],[3.4584,48.6337],[3.4509,48.6347],[3.454,48.6367],[3.452,48.6379],[3.4532,48.6414],[3.4562,48.6421],[3.4562,48.6473],[3.4606,48.653],[3.4511,48.6574],[3.4459,48.6621],[3.4406,48.6637],[3.4464,48.6669],[3.4427,48.6723],[3.4494,48.6758],[3.4476,48.6772],[3.4623,48.6854],[3.4716,48.6857],[3.4734,48.6888],[3.4705,48.6938],[3.4724,48.6978],[3.4778,48.6979],[3.473,48.7015],[3.47,48.7012],[3.4639,48.7072],[3.4668,48.7088],[3.465,48.7118],[3.4681,48.7177],[3.4667,48.7294],[3.4697,48.7379],[3.453,48.7379],[3.4518,48.7361],[3.4442,48.7368],[3.4385,48.7391],[3.436,48.7436],[3.4377,48.7467],[3.4365,48.7532],[3.4285,48.7584],[3.4259,48.7546],[3.4142,48.7547],[3.4082,48.7524],[3.3991,48.7549],[3.396,48.7586],[3.4079,48.7788],[3.4082,48.7842],[3.4131,48.7831],[3.4146,48.7845],[3.4244,48.7849],[3.4256,48.7813],[3.4295,48.7794],[3.4341,48.7809],[3.4372,48.7851],[3.4417,48.7821],[3.4428,48.7859],[3.4436,48.7909],[3.4399,48.7983],[3.4421,48.8037],[3.4383,48.8046],[3.4231,48.8007],[3.4177,48.8033],[3.4182,48.8045],[3.4146,48.8031],[3.4138,48.8043],[3.4105,48.8039],[3.4045,48.809],[3.4053,48.8102],[3.4163,48.818],[3.4313,48.8124],[3.4363,48.8118],[3.4412,48.8131],[3.4412,48.8115],[3.4468,48.8123],[3.4481,48.811],[3.4605,48.8154],[3.4594,48.818],[3.4699,48.8211],[3.4746,48.8192],[3.4808,48.8122],[3.487,48.8151],[3.4852,48.8252],[3.4913,48.8346],[3.485,48.8518]]]}},{"type":"Feature","properties":{"id":"DK-84","name":"Hovedstaden","countryCode":"DNK","country":"Denmark"},"geometry":{"type":"MultiPolygon","coordinates":[[[[14.7709,55.2964],[14.7602,55.2927],[14.7488,55.2851],[14.7502,55.2727],[14.74,55.2549],[14.7336,55.2472],[14.7169,55.2349],[14.7063,55.2181],[14.7002,55.1965],[14.7007,55.181],[14.705,55.1663],[14.7031,55.1595],[14.7045,55.1339],[14.6984,55.1259],[14.7007,55.1202],[14.6984,55.1109],[14.6913,55.1085],[14.6862,55.1085],[14.6853,55.104],[14.6936,55.1031],[14.7008,55.092],[14.712,55.0869],[14.7225,55.085],[14.739,55.0722],[14.7498,55.07],[14.7766,55.0586],[14.7984,55.0599],[14.8301,55.0468],[14.8352,55.0487],[14.8593,55.0453],[14.8704,55.0411],[14.888,55.037],[14.9046,55.0287],[14.9133,55.0275],[14.9214,55.0222],[14.9271,55.0214],[14.9315,55.023],[14.9441,55.0195],[14.9492,55.0149],[14.954,55.0154],[14.9637,55.0103],[14.9728,55.0112],[14.9839,55.0068],[14.9954,55.0066],[15.0,55.0041],[15.0137,55.0044],[15.0255,55.0],[15.0283,55.0021],[15.0453,55.0006],[15.068,54.9947],[15.0818,54.9958],[15.1008,55.0104],[15.1196,55.0187],[15.1164,55.0246],[15.1188,55.0313],[15.1087,55.0428],[15.1219,55.0493],[15.1244,55.0573],[15.1386,55.0592],[15.1412,55.0635],[15.1391,55.0692],[15.1416,55.0746],[15.1508,55.078],[15.1537,55.0815],[15.154,55.0913],[15.146,55.1033],[15.1488,55.1083],[15.1447,55.1107],[15.1445,55.1135],[15.1496,55.1225],[15.1536,55.1249],[15.152,55.1331],[15.1467,55.1347],[15.1465,55.138],[15.1371,55.1437],[15.117,55.1441],[15.0971,55.1503],[15.0906,55.15],[15.0837,55.154],[15.0728,55.1548],[15.0693,55.1583],[15.0599,55.1606],[15.0545,55.1648],[15.0472,55.1666],[15.0396,55.1737],[15.0282,55.1739],[15.0159,55.1789],[15.0074,55.1853],[14.9946,55.1913],[14.9907,55.1916],[14.972,55.2136],[14.9582,55.2143],[14.9489,55.2095],[14.9367,55.2101],[14.9129,55.2228],[14.9027,55.2224],[14.8982,55.2247],[14.8898,55.2247],[14.8809,55.2285],[14.8732,55.2367],[14.8544,55.2404],[14.841,55.2471],[14.8283,55.2493],[14.8269,55.2516],[14.817,55.2563],[14.8148,55.2634],[14.8041,55.2711],[14.8022,55.2762],[14.7916,55.2823],[14.7898,55.285],[14.7828,55.286],[14.7829,55.2879],[14.7778,55.2879],[14.7754,55.2894],[14.7776,55.2919],[14.7709,55.2964]]],[[[15.1791,55.3133],[15.188,55.3109],[15.1906,55.3138],[15.1898,55.3155],[15.1833,55.316],[15.1794,55.3158],[15.1791,55.3133]]],[[[12.7726,55.5942],[12.7692,55.5969],[12.7595,55.5987],[12.7402,55.6112],[12.7255,55.6156],[12.726,55.6124],[12.7303,55.6091],[12.7443,55.6044],[12.7539,55.5963],[12.7677,55.5926],[12.7729,55.5923],[12.7726,55.5942]]],[[[12.7298,55.6382],[12.7326,55.6309],[12.7371,55.6301],[12.7399,55.6251],[12.7438,55.6224],[12.752,55.6225],[12.7583,55.6117],[12.7648,55.6091],[12.7715,55.609],[12.7716,55.6112],[12.7767,55.6114],[12.7804,55.6098],[12.788,55.6128],[12.7822,55.6203],[12.7847,55.6222],[12.7795,55.6329],[12.7809,55.6385],[12.7781,55.646],[12.7779,55.6579],[12.7668,55.6728],[12.761,55.6728],[12.7592,55.6695],[12.7424,55.6691],[12.7394,55.6668],[12.7338,55.651],[12.7303,55.6477],[12.7298,55.6382]]],[[[12.6779,55.5935],[12.666,55.6084],[12.6672,55.6101],[12.6746,55.6115],[12.6773,55.618],[12.68,55.6186],[12.6764,55.6346],[12.6704,55.6372],[12.6593,55.6364],[12.6508,55.6403],[12.6487,55.6456],[12.6436,55.6482],[12.6316,55.6627],[12.6305,55.6699],[12.6257,55.6721],[12.6192,55.6812],[12.6184,55.6838],[12.625,55.6897],[12.62,55.6975],[12.6167,55.7004],[12.6064,55.6994],[12.6012,55.6904],[12.5903,55.6797],[12.5618,55.6634],[12.5582,55.6548],[12.5464,55.6424],[12.5263,55.6322],[12.5098,55.6172],[12.5058,55.611],[12.5062,55.6056],[12.5153,55.5882],[12.5362,55.5772],[12.5533,55.5794],[12.562,55.5662],[12.5928,55.5606],[12.6015,55.5672],[12.6178,55.5723],[12.6304,55.5819],[12.6466,55.5834],[12.6536,55.587],[12.6573,55.5859],[12.6613,55.5865],[12.6695,55.5917],[12.6779,55.5935]]],[[[12.3594,55.601],[12.3639,55.6013],[12.3819,55.6079],[12.3859,55.6077],[12.3925,55.6108],[12.3905,55.6162],[12.3942,55.6181],[12.3972,55.6154],[12.3988,55.6176],[12.4068,55.6202],[12.4164,55.618],[12.4355,55.618],[12.4376,55.6144],[12.4465,55.6108],[12.4787,55.6049],[12.49,55.6069],[12.4956,55.6153],[12.5056,55.6199],[12.4964,55.6204],[12.4925,55.6261],[12.5007,55.6339],[12.502,55.6379],[12.5075,55.6373],[12.5133,55.6412],[12.5172,55.6414],[12.5278,55.64],[12.5288,55.6378],[12.5402,55.6424],[12.5477,55.6486],[12.5653,55.6712],[12.573,55.6738],[12.5901,55.6835],[12.594,55.6902],[12.5936,55.704],[12.5957,55.708],[12.6021,55.7116],[12.6074,55.7116],[12.6098,55.713],[12.6071,55.7155],[12.6108,55.7193],[12.6025,55.7261],[12.5943,55.7268],[12.5916,55.7226],[12.5826,55.7174],[12.5808,55.72],[12.5821,55.7294],[12.5798,55.7317],[12.5796,55.7384],[12.5929,55.7583],[12.5982,55.7619],[12.5918,55.7695],[12.5896,55.7759],[12.5882,55.7819],[12.5908,55.7881],[12.589,55.7933],[12.5841,55.7958],[12.5815,55.8044],[12.5728,55.8127],[12.5709,55.8175],[12.5702,55.843],[12.5672,55.8486],[12.5597,55.8572],[12.5546,55.8684],[12.5482,55.8703],[12.545,55.8748],[12.542,55.8807],[12.5447,55.8831],[12.534,55.889],[12.5174,55.9139],[12.5129,55.9158],[12.5107,55.9262],[12.5174,55.9335],[12.522,55.9343],[12.522,55.9416],[12.5353,55.9599],[12.5394,55.9717],[12.5532,55.9884],[12.5693,55.9994],[12.5765,56.003],[12.5819,56.0033],[12.5908,56.0098],[12.6017,56.024],[12.6163,56.0331],[12.6165,56.0354],[12.6066,56.0403],[12.5976,56.0398],[12.5805,56.0501],[12.5633,56.057],[12.5473,56.0688],[12.5191,56.0799],[12.4868,56.0876],[12.4758,56.0878],[12.4714,56.0901],[12.4516,56.09],[12.4485,56.0916],[12.4443,56.0897],[12.4193,56.0899],[12.405,56.0956],[12.3866,56.0963],[12.3764,56.0983],[12.3408,56.117],[12.3225,56.1181],[12.3048,56.1222],[12.3028,56.1259],[12.2878,56.126],[12.2836,56.1272],[12.2799,56.1255],[12.2666,56.1255],[12.2514,56.121],[12.2483,56.1231],[12.2427,56.1198],[12.2368,56.1194],[12.2344,56.121],[12.2048,56.1123],[12.1805,56.11],[12.1491,56.0953],[12.118,56.0845],[12.1051,56.0776],[12.0647,56.0607],[12.0465,56.0554],[12.0379,56.0481],[11.9951,56.0283],[11.9247,56.0058],[11.9043,55.9962],[11.8968,55.9949],[11.8893,55.99],[11.8679,55.9862],[11.8508,55.9789],[11.8415,55.9704],[11.8413,55.961],[11.8478,55.9583],[11.8517,55.9476],[11.8643,55.9452],[11.8745,55.9477],[11.8844,55.944],[11.9028,55.9469],[11.9102,55.9501],[11.933,55.9528],[11.9404,55.9579],[11.9566,55.9626],[11.9707,55.9701],[11.9817,55.969],[11.9848,55.9663],[11.9917,55.9694],[11.9975,55.9681],[12.003,55.9603],[12.0139,55.9595],[12.0233,55.9422],[12.0394,55.9264],[12.0422,55.9044],[12.05,55.8904],[12.0537,55.8858],[12.0633,55.8797],[12.061,55.8657],[12.0575,55.8613],[12.0441,55.8609],[12.0417,55.8546],[12.0437,55.8439],[12.0507,55.8422],[12.0568,55.8275],[12.0635,55.8238],[12.0748,55.8021],[12.0724,55.7943],[12.0751,55.7882],[12.0922,55.7825],[12.0957,55.7793],[12.1037,55.7825],[12.1133,55.7716],[12.1428,55.7627],[12.1532,55.7576],[12.157,55.7534],[12.1851,55.7496],[12.2009,55.7544],[12.2113,55.7544],[12.2196,55.7496],[12.2236,55.7429],[12.2212,55.7392],[12.2073,55.7335],[12.2196,55.7277],[12.2285,55.721],[12.2389,55.7188],[12.2472,55.7121],[12.2384,55.7081],[12.2329,55.7025],[12.2049,55.6916],[12.1817,55.6922],[12.1781,55.6883],[12.1665,55.6863],[12.1637,55.6805],[12.1572,55.6773],[12.1508,55.6762],[12.1617,55.6623],[12.1575,55.6559],[12.1571,55.6457],[12.1576,55.6431],[12.1639,55.6384],[12.1589,55.6206],[12.1615,55.6189],[12.1771,55.6185],[12.1784,55.6165],[12.1823,55.6157],[12.2093,55.613],[12.2135,55.6234],[12.2178,55.625],[12.2264,55.6239],[12.2314,55.6281],[12.2372,55.6272],[12.2415,55.6208],[12.2461,55.6204],[12.2491,55.6227],[12.276,55.6286],[12.2795,55.6254],[12.2998,55.6221],[12.313,55.6163],[12.3265,55.6156],[12.332,55.6133],[12.3477,55.6106],[12.3556,55.6069],[12.3594,55.601]]],[[[12.0736,55.7311],[12.0844,55.7354],[12.0798,55.7474],[12.076,55.7477],[12.0689,55.7394],[12.0707,55.733],[12.0736,55.7311]]],[[[11.9757,55.7359],[11.9807,55.7342],[11.984,55.7363],[11.9881,55.7444],[11.9934,55.7374],[11.9994,55.7401],[12.0051,55.7386],[12.0094,55.7286],[12.0161,55.7265],[12.024,55.7326],[12.0336,55.7362],[12.0597,55.7386],[12.0614,55.741],[12.06,55.7562],[12.0554,55.7588],[12.0554,55.7607],[12.0607,55.7634],[12.0631,55.7737],[12.0514,55.7851],[12.0547,55.7935],[12.054,55.7988],[12.0523,55.8009],[12.0416,55.8033],[12.0358,55.807],[12.0488,55.8129],[12.049,55.8149],[12.0367,55.818],[12.0351,55.8197],[12.0365,55.8295],[12.032,55.8359],[12.0351,55.8372],[12.0289,55.8537],[12.0088,55.8593],[11.9969,55.8646],[11.9947,55.8696],[11.9947,55.8802],[12.0213,55.9017],[12.0222,55.9077],[12.0189,55.9111],[12.0045,55.9176],[12.0,55.9185],[11.9916,55.9156],[11.9818,55.9173],[11.9626,55.93],[11.9486,55.9346],[11.9355,55.9368],[11.9173,55.9372],[11.9062,55.9401],[11.9036,55.9399],[11.9024,55.9377],[11.8976,55.9233],[11.9131,55.9111],[11.925,55.8947],[11.9249,55.8873],[11.9297,55.8775],[11.9403,55.8744],[11.9444,55.8714],[11.955,55.8554],[11.9524,55.8465],[11.939,55.8259],[11.9314,55.8225],[11.9253,55.822],[11.9094,55.8253],[11.906,55.8233],[11.8788,55.8194],[11.8787,55.8072],[11.8622,55.801],[11.8577,55.7705],[11.8489,55.7601],[11.8543,55.7552],[11.8536,55.7451],[11.8561,55.7398],[11.8631,55.7428],[11.8682,55.743],[11.8706,55.7394],[11.872,55.7402],[11.8823,55.7421],[11.8949,55.7388],[11.9106,55.7376],[11.9206,55.7434],[11.9239,55.7488],[11.9323,55.7512],[11.9422,55.7488],[11.962,55.7399],[11.9757,55.7359]]],[[[11.6913,56.1996],[11.6992,56.1947],[11.7073,56.1935],[11.7124,56.1959],[11.7126,56.1996],[11.7054,56.2031],[11.6924,56.2027],[11.6901,56.201],[11.6913,56.1996]]]]}},{"type":"Feature","properties":{"id":"SE-M","name":"Skåne län","countryCode":"SWE","country":"Sweden"},"geometry":{"type":"MultiPolygon","coordinates":[[[[12.8437,55.444],[12.8459,55.4455],[12.844,55.445],[12.8426,55.4423],[12.8365,55.4191],[12.8331,55.4163],[12.828,55.417],[12.829,55.4156],[12.8274,55.4169],[12.8286,55.4107],[12.8253,55.4015],[12.8178,55.3902],[12.81,55.3813],[12.8081,55.377],[12.807,55.3696],[12.8075,55.365],[12.8102,55.3595],[12.8115,55.3581],[12.8139,55.3569],[12.8165,55.3578],[12.8182,55.3617],[12.8089,55.3702],[12.814,55.3654],[12.8125,55.3657],[12.813,55.3649],[12.8163,55.3631],[12.8165,55.3602],[12.8132,55.3612],[12.8156,55.3599],[12.8147,55.3577],[12.8135,55.3575],[12.8124,55.3579],[12.8094,55.3615],[12.8075,55.3673],[12.8086,55.3701],[12.8131,55.3768],[12.808,55.3718],[12.8079,55.3743],[12.8098,55.3799],[12.817,55.3876],[12.814,55.3823],[12.8099,55.3797],[12.8099,55.3779],[12.815,55.3782],[12.8135,55.3771],[12.8307,55.385],[12.8483,55.3903],[12.8601,55.3922],[12.8817,55.3923],[12.8719,55.3934],[12.8838,55.3971],[12.8877,55.3971],[12.8903,55.394],[12.898,55.3925],[12.8852,55.3929],[12.8868,55.3908],[12.9206,55.3857],[12.9258,55.3859],[12.9375,55.3935],[12.9444,55.3957],[12.9337,55.4105],[12.9283,55.4088],[12.9115,55.408],[12.902,55.4113],[12.8971,55.4092],[12.8904,55.4096],[12.8807,55.4137],[12.8697,55.4227],[12.8674,55.4364],[12.864,55.4394],[12.8588,55.4386],[12.8494,55.4265],[12.8436,55.4229],[12.8432,55.4253],[12.8461,55.4274],[12.8399,55.4253],[12.8457,55.4442],[12.8437,55.444]]],[[[12.8498,56.4305],[12.8424,56.4334],[12.8427,56.4364],[12.8354,56.4361],[12.8302,56.4384],[12.8221,56.4393],[12.8193,56.442],[12.8081,56.4447],[12.7973,56.4501],[12.7603,56.4604],[12.747,56.4682],[12.728,56.4721],[12.7076,56.4716],[12.7025,56.47],[12.6967,56.4647],[12.6797,56.456],[12.6826,56.4562],[12.6781,56.4533],[12.6701,56.4548],[12.6676,56.4529],[12.6623,56.4555],[12.6558,56.4552],[12.6557,56.4526],[12.6529,56.4534],[12.6521,56.4514],[12.6503,56.4524],[12.6522,56.4504],[12.6483,56.4476],[12.6438,56.4478],[12.6432,56.4429],[12.6389,56.4424],[12.64,56.4404],[12.6341,56.4388],[12.6338,56.4336],[12.63,56.4348],[12.6325,56.4308],[12.6313,56.4284],[12.6259,56.4268],[12.6235,56.4277],[12.6204,56.4233],[12.6192,56.4204],[12.6235,56.4152],[12.6212,56.4135],[12.6209,56.4044],[12.6282,56.3944],[12.6268,56.393],[12.6296,56.3931],[12.6367,56.3891],[12.6568,56.3871],[12.6609,56.3839],[12.6622,56.3847],[12.6862,56.3813],[12.6908,56.3775],[12.6896,56.3755],[12.6969,56.3744],[12.7049,56.3668],[12.7116,56.3651],[12.7229,56.365],[12.7268,56.3635],[12.7278,56.365],[12.7325,56.3637],[12.7401,56.358],[12.7399,56.3521],[12.7455,56.3461],[12.7438,56.3409],[12.7463,56.3353],[12.7509,56.3332],[12.754,56.3338],[12.751,56.3327],[12.7557,56.3314],[12.7633,56.3145],[12.7593,56.3073],[12.7624,56.3071],[12.7687,56.3017],[12.7867,56.2984],[12.7906,56.2958],[12.7888,56.2952],[12.802,56.2921],[12.8084,56.2872],[12.818,56.2873],[12.8305,56.2794],[12.8306,56.2767],[12.8351,56.2739],[12.8343,56.2721],[12.8385,56.2717],[12.8415,56.27],[12.8418,56.2674],[12.8383,56.267],[12.8373,56.2713],[12.8312,56.2569],[12.813,56.2364],[12.8002,56.2281],[12.7847,56.2227],[12.7854,56.2177],[12.7836,56.2196],[12.7733,56.2178],[12.7636,56.22],[12.7544,56.2241],[12.7528,56.2275],[12.7506,56.2268],[12.7518,56.2304],[12.7468,56.233],[12.7479,56.2292],[12.7438,56.2255],[12.7345,56.2302],[12.7247,56.233],[12.7211,56.2325],[12.7177,56.2261],[12.7045,56.2224],[12.6998,56.2192],[12.6922,56.2229],[12.691,56.227],[12.6925,56.224],[12.693,56.2281],[12.6882,56.2325],[12.6715,56.2381],[12.673,56.2415],[12.6702,56.2435],[12.6706,56.2473],[12.6575,56.2555],[12.6375,56.2583],[12.6319,56.2613],[12.6089,56.2651],[12.5923,56.2732],[12.5829,56.2725],[12.5737,56.275],[12.5674,56.2792],[12.5153,56.2946],[12.4648,56.3028],[12.4534,56.3034],[12.4533,56.3024],[12.4515,56.3037],[12.4455,56.3026],[12.4552,56.2954],[12.4678,56.2915],[12.4844,56.2896],[12.4942,56.2839],[12.4931,56.2824],[12.4901,56.2836],[12.4952,56.2794],[12.4994,56.2783],[12.4975,56.2758],[12.5029,56.2699],[12.5072,56.2683],[12.5076,56.2658],[12.513,56.2618],[12.5181,56.2598],[12.5186,56.2569],[12.5202,56.2573],[12.5192,56.2557],[12.5169,56.2564],[12.5182,56.2538],[12.5295,56.2474],[12.5312,56.244],[12.5337,56.2439],[12.5351,56.2342],[12.53,56.231],[12.5374,56.2289],[12.5431,56.2164],[12.5399,56.2081],[12.5363,56.2077],[12.5387,56.2075],[12.5381,56.205],[12.5433,56.2001],[12.5521,56.1986],[12.5542,56.197],[12.5559,56.1847],[12.5536,56.1768],[12.5555,56.1777],[12.554,56.1766],[12.5564,56.1766],[12.5619,56.1693],[12.5645,56.1592],[12.563,56.1558],[12.5676,56.1521],[12.5673,56.1458],[12.5771,56.1402],[12.5774,56.1428],[12.5796,56.1427],[12.578,56.1414],[12.5816,56.1423],[12.5839,56.1411],[12.5902,56.1297],[12.6025,56.1199],[12.6026,56.1164],[12.6043,56.1172],[12.6038,56.1162],[12.6082,56.1159],[12.6198,56.1076],[12.6292,56.1041],[12.6303,56.0998],[12.6253,56.0995],[12.6381,56.0957],[12.6594,56.0807],[12.6769,56.0652],[12.683,56.0534],[12.6827,56.0486],[12.6859,56.0505],[12.6896,56.045],[12.6933,56.0449],[12.6898,56.0432],[12.6936,56.0415],[12.6891,56.0423],[12.6938,56.0386],[12.6879,56.0401],[12.6914,56.0341],[12.6892,56.0322],[12.6897,56.0282],[12.6892,56.0277],[12.6897,56.027],[12.6915,56.0255],[12.6894,56.0277],[12.6904,56.0286],[12.6902,56.0314],[12.6909,56.0315],[12.6921,56.0289],[12.6952,56.0303],[12.6953,56.0265],[12.6932,56.0263],[12.6954,56.0264],[12.6968,56.0189],[12.6958,56.0266],[12.6979,56.0267],[12.6984,56.0248],[12.7018,56.0264],[12.6986,56.0225],[12.7005,56.0214],[12.7036,56.0233],[12.7012,56.0182],[12.6988,56.0184],[12.7022,56.0127],[12.7052,56.0117],[12.7041,56.0077],[12.7076,56.0048],[12.7106,56.0103],[12.7137,56.0054],[12.7168,56.0061],[12.7113,56.0042],[12.7173,56.0061],[12.7322,56.0004],[12.7415,55.9941],[12.7409,55.9908],[12.7435,55.9923],[12.7429,55.9914],[12.7476,55.9905],[12.744,55.9891],[12.7444,55.9885],[12.7466,55.99],[12.7497,55.9883],[12.7556,55.9753],[12.7595,55.9518],[12.7664,55.9474],[12.7726,55.94],[12.779,55.9389],[12.7859,55.9344],[12.8039,55.9146],[12.8028,55.8955],[12.8139,55.8813],[12.814,55.8783],[12.8107,55.8773],[12.8148,55.8784],[12.8109,55.8769],[12.8203,55.8712],[12.8178,55.8677],[12.8199,55.8686],[12.8221,55.8671],[12.8241,55.8697],[12.8263,55.8689],[12.8232,55.8667],[12.8271,55.8641],[12.8292,55.8593],[12.8371,55.8605],[12.8366,55.859],[12.83,55.8573],[12.8313,55.854],[12.8383,55.8539],[12.8446,55.8558],[12.8491,55.8615],[12.8536,55.8606],[12.8512,55.8574],[12.8492,55.8577],[12.8536,55.8564],[12.8662,55.8579],[12.8701,55.8625],[12.8771,55.8593],[12.8824,55.8589],[12.8821,55.8567],[12.8846,55.856],[12.8834,55.8537],[12.8871,55.8557],[12.8911,55.8552],[12.8867,55.8547],[12.8845,55.8526],[12.8883,55.8523],[12.888,55.8505],[12.893,55.8498],[12.8957,55.8468],[12.9009,55.846],[12.9051,55.841],[12.9091,55.8393],[12.9087,55.8375],[12.9133,55.8366],[12.9329,55.8048],[12.9348,55.7899],[12.9304,55.7748],[12.9147,55.7653],[12.9098,55.7646],[12.9032,55.7567],[12.9049,55.7561],[12.9015,55.7508],[12.9117,55.7505],[12.9196,55.7428],[12.9256,55.7406],[12.922,55.7455],[12.928,55.7427],[12.9434,55.7492],[12.9507,55.7499],[12.9567,55.7481],[12.9608,55.7432],[12.9614,55.7381],[12.9543,55.7289],[12.9568,55.7279],[12.9596,55.7301],[12.963,55.7298],[12.9695,55.725],[12.9859,55.7301],[12.9965,55.7294],[12.9943,55.7278],[12.9964,55.7257],[13.0004,55.7262],[13.0065,55.7208],[13.0509,55.6975],[13.055,55.6922],[13.0584,55.6789],[13.0581,55.6765],[13.0548,55.6759],[13.0693,55.6759],[13.0652,55.6749],[13.0571,55.6757],[13.0607,55.6747],[13.0597,55.6735],[13.0558,55.6756],[13.0613,55.6715],[13.0631,55.6672],[13.0504,55.6525],[13.0527,55.6462],[13.0514,55.6405],[13.047,55.6394],[13.0356,55.6444],[13.0313,55.6446],[13.0261,55.6418],[13.0387,55.6388],[13.0395,55.6375],[13.0354,55.6364],[13.0295,55.6386],[13.0232,55.6384],[13.0212,55.6379],[13.0223,55.6366],[13.028,55.6373],[13.0281,55.6355],[13.0147,55.6345],[13.013,55.6392],[12.9986,55.6378],[12.9906,55.6336],[12.9908,55.629],[12.985,55.6273],[12.9847,55.6257],[12.9892,55.628],[12.9919,55.6265],[12.9907,55.6243],[12.9966,55.6258],[13.0183,55.6264],[13.0196,55.6248],[13.0183,55.6267],[13.0216,55.6269],[13.0229,55.6244],[13.0368,55.6249],[13.0352,55.6241],[13.0371,55.6236],[13.0237,55.6224],[13.0248,55.6161],[13.0229,55.616],[13.0188,55.6242],[12.9913,55.6226],[12.9951,55.6191],[13.0077,55.6166],[13.0055,55.6156],[12.9941,55.6174],[13.0034,55.6145],[12.9997,55.6133],[12.9954,55.6146],[12.9973,55.6092],[12.9891,55.619],[12.9873,55.6186],[12.9886,55.6188],[12.9892,55.6146],[12.9875,55.6183],[12.9851,55.6185],[12.9848,55.6215],[12.9774,55.6198],[12.9708,55.615],[12.9724,55.6105],[12.9703,55.6051],[12.9516,55.5986],[12.9333,55.5965],[12.9378,55.5984],[12.9346,55.5982],[12.9298,55.5948],[12.9311,55.5938],[12.9258,55.5882],[12.9234,55.5892],[12.9298,55.5979],[12.9275,55.5954],[12.9211,55.5932],[12.9158,55.5875],[12.9192,55.5865],[12.9228,55.5887],[12.9265,55.5865],[12.9234,55.5872],[12.9244,55.5857],[12.922,55.5871],[12.9218,55.5859],[12.9209,55.5864],[12.9194,55.5853],[12.9142,55.5851],[12.9107,55.5838],[12.9098,55.5825],[12.9142,55.5849],[12.9183,55.5846],[12.9154,55.5819],[12.9113,55.5827],[12.918,55.5807],[12.8993,55.5718],[12.9071,55.5708],[12.8967,55.5701],[12.894,55.5722],[12.8964,55.5699],[12.8898,55.5641],[12.8999,55.5592],[12.9012,55.5628],[12.9051,55.5625],[12.904,55.5577],[12.9015,55.5571],[12.9046,55.5554],[12.9056,55.5476],[12.9089,55.5433],[12.9092,55.5417],[12.9065,55.5411],[12.9089,55.5411],[12.9115,55.5368],[12.9121,55.5268],[12.8912,55.5244],[12.89,55.5226],[12.8922,55.5239],[12.8941,55.5231],[12.8912,55.5225],[12.8923,55.5217],[12.8966,55.5229],[12.8971,55.521],[12.8921,55.5207],[12.8896,55.5222],[12.8911,55.5203],[12.8854,55.5191],[12.8948,55.5204],[12.9148,55.5202],[12.9194,55.5215],[12.9242,55.5194],[12.9279,55.5136],[12.9278,55.5109],[12.9248,55.5104],[12.9279,55.5099],[12.9259,55.5088],[12.9301,55.5004],[12.9383,55.4966],[12.9382,55.4928],[12.947,55.4873],[12.9475,55.4817],[12.9534,55.48],[12.9536,55.4763],[12.9573,55.4737],[12.9555,55.4728],[12.9606,55.4702],[12.9603,55.4652],[12.9624,55.4657],[12.9663,55.4604],[12.9701,55.4594],[12.9697,55.4507],[12.9673,55.4489],[12.9708,55.4419],[12.9685,55.4411],[12.9686,55.4379],[12.9631,55.4419],[12.9592,55.4411],[12.962,55.4484],[12.9527,55.4565],[12.9453,55.4584],[12.943,55.4569],[12.9517,55.4362],[12.9527,55.4234],[12.9463,55.4157],[12.9346,55.4118],[12.9453,55.3982],[12.9588,55.4017],[12.9733,55.4014],[12.9952,55.3918],[13.0088,55.3897],[13.0263,55.3822],[13.0384,55.3801],[13.0482,55.376],[13.0648,55.3739],[13.0758,55.3681],[13.0873,55.3696],[13.0982,55.3756],[13.1189,55.3754],[13.1183,55.374],[13.1341,55.3728],[13.148,55.3658],[13.151,55.3683],[13.1435,55.3725],[13.1514,55.3697],[13.1526,55.3723],[13.154,55.3704],[13.1573,55.3715],[13.1557,55.3698],[13.1579,55.37],[13.1533,55.3675],[13.1568,55.3676],[13.1553,55.3659],[13.158,55.3675],[13.161,55.3665],[13.1638,55.3639],[13.1614,55.3625],[13.1738,55.3671],[13.1806,55.3676],[13.207,55.3627],[13.2262,55.3572],[13.2274,55.3546],[13.2297,55.3563],[13.2713,55.3443],[13.3005,55.3411],[13.3214,55.3422],[13.3365,55.3403],[13.3443,55.3375],[13.3573,55.3374],[13.3591,55.3387],[13.3595,55.337],[13.3925,55.3503],[13.4061,55.353],[13.4214,55.3538],[13.4485,55.3686],[13.491,55.3824],[13.5076,55.3855],[13.5366,55.3875],[13.5653,55.3839],[13.5789,55.3875],[13.5957,55.3876],[13.5992,55.3922],[13.6035,55.3933],[13.6039,55.3985],[13.6161,55.408],[13.6264,55.4133],[13.6412,55.4173],[13.6666,55.4175],[13.6746,55.416],[13.7031,55.4247],[13.7156,55.4269],[13.7307,55.4256],[13.7586,55.4266],[13.7701,55.4242],[13.7765,55.4253],[13.7912,55.4235],[13.8079,55.4245],[13.8105,55.4259],[13.8143,55.4256],[13.814,55.4265],[13.8173,55.4264],[13.822,55.4237],[13.8206,55.4258],[13.827,55.4268],[13.8253,55.4247],[13.8336,55.424],[13.8264,55.4237],[13.8255,55.4226],[13.832,55.4229],[13.8326,55.4175],[13.835,55.4176],[13.8589,55.4286],[13.8794,55.4336],[13.8946,55.4346],[13.9327,55.4328],[13.9662,55.4242],[13.9848,55.4168],[14.0558,55.3806],[14.0676,55.3851],[14.0838,55.3853],[14.1015,55.3845],[14.1465,55.3776],[14.1598,55.377],[14.1813,55.3789],[14.1969,55.3842],[14.2114,55.3953],[14.241,55.4386],[14.2525,55.4452],[14.259,55.4465],[14.275,55.4569],[14.2827,55.4736],[14.2849,55.4737],[14.2833,55.4742],[14.2881,55.4753],[14.2865,55.4733],[14.2924,55.4781],[14.2977,55.4796],[14.2973,55.4813],[14.3009,55.4813],[14.3036,55.4846],[14.312,55.4855],[14.3142,55.4845],[14.3188,55.4867],[14.3161,55.4883],[14.3169,55.4916],[14.3259,55.499],[14.3339,55.5042],[14.3462,55.5079],[14.3494,55.511],[14.3508,55.5135],[14.3485,55.5133],[14.3507,55.5138],[14.3471,55.5174],[14.3479,55.5245],[14.3558,55.5334],[14.3575,55.5481],[14.3607,55.5544],[14.3591,55.5582],[14.3563,55.5579],[14.3588,55.5572],[14.3594,55.555],[14.3579,55.5571],[14.356,55.5564],[14.3536,55.5576],[14.3561,55.5592],[14.3485,55.5608],[14.3482,55.5626],[14.3429,55.5642],[14.3374,55.5748],[14.3383,55.5781],[14.3352,55.5791],[14.3348,55.5831],[14.3302,55.5887],[14.314,55.5942],[14.3126,55.5971],[14.3003,55.6054],[14.2977,55.6129],[14.2848,55.6171],[14.2772,55.6484],[14.2782,55.664],[14.271,55.6742],[14.262,55.6789],[14.2242,55.6886],[14.2138,55.6976],[14.2064,55.7],[14.2047,55.7022],[14.2017,55.7156],[14.195,55.7298],[14.195,55.7516],[14.2042,55.7906],[14.2204,55.8299],[14.2462,55.8706],[14.2673,55.8926],[14.2857,55.9035],[14.3004,55.9085],[14.3038,55.9077],[14.307,55.9116],[14.319,55.9152],[14.3199,55.917],[14.3306,55.9214],[14.3272,55.926],[14.3242,55.925],[14.3217,55.9266],[14.3269,55.9261],[14.3287,55.9322],[14.3213,55.9329],[14.3205,55.9363],[14.3232,55.9425],[14.3369,55.9573],[14.3454,55.9611],[14.356,55.9627],[14.3649,55.9571],[14.3671,55.9577],[14.3681,55.9616],[14.3722,55.9609],[14.3732,55.9591],[14.378,55.9601],[14.378,55.9661],[14.3816,55.9687],[14.3811,55.9715],[14.3859,55.9741],[14.3916,55.9743],[14.3943,55.9722],[14.4017,55.9745],[14.412,55.9707],[14.4125,55.9746],[14.4079,55.9767],[14.409,55.9824],[14.412,55.9836],[14.4102,55.9866],[14.4149,55.9877],[14.4192,55.9864],[14.421,55.988],[14.4171,55.9892],[14.4188,55.9924],[14.4236,55.9906],[14.4341,55.992],[14.4355,56.0006],[14.4413,56.0007],[14.4438,55.9969],[14.4465,55.9965],[14.447,55.9982],[14.4477,55.997],[14.4515,55.9976],[14.4508,55.9999],[14.4442,56.004],[14.4477,56.0072],[14.4511,56.0074],[14.451,56.0113],[14.453,56.0116],[14.4558,56.0084],[14.4584,56.0081],[14.463,56.0129],[14.4686,56.0138],[14.464,56.0153],[14.4596,56.0217],[14.4629,56.026],[14.4678,56.0253],[14.471,56.0363],[14.4752,56.0349],[14.4752,56.0373],[14.4797,56.033],[14.4823,56.0328],[14.4809,56.0354],[14.4826,56.0363],[14.493,56.0327],[14.4969,56.035],[14.4989,56.034],[14.4963,56.0346],[14.4948,56.0324],[14.4968,56.0313],[14.5032,56.0331],[14.507,56.0382],[14.5121,56.0382],[14.5149,56.0356],[14.5171,56.0385],[14.5208,56.038],[14.5223,56.0399],[14.5242,56.0402],[14.5236,56.0391],[14.5247,56.0407],[14.5294,56.0411],[14.529,56.0423],[14.5325,56.0419],[14.5369,56.0606],[14.5818,56.0901],[14.5836,56.1184],[14.5666,56.123],[14.5599,56.2059],[14.5007,56.2305],[14.4533,56.2268],[14.4424,56.2396],[14.4249,56.2429],[14.426,56.2706],[14.4062,56.2737],[14.4059,56.2961],[14.3841,56.299],[14.3766,56.3538],[14.396,56.4008],[14.4311,56.4068],[14.4508,56.4127],[14.4934,56.4695],[14.3863,56.4851],[14.3503,56.4829],[14.3258,56.4896],[14.318,56.496],[14.295,56.4941],[14.2788,56.5027],[14.2131,56.5072],[14.2045,56.5027],[14.1549,56.515],[14.1168,56.5165],[14.1097,56.5266],[14.0836,56.5226],[14.0702,56.5314],[14.0504,56.5333],[14.0313,56.5143],[14.0306,56.4952],[13.9836,56.4758],[13.9185,56.4734],[13.8333,56.4541],[13.6993,56.4446],[13.6851,56.4302],[13.6565,56.4298],[13.6372,56.4191],[13.611,56.4209],[13.5871,56.4098],[13.5387,56.4092],[13.5073,56.4151],[13.4622,56.4161],[13.4464,56.4266],[13.3908,56.4204],[13.3476,56.3926],[13.311,56.3971],[13.2554,56.3653],[13.2533,56.3514],[13.2173,56.3278],[13.1911,56.3293],[13.1885,56.3411],[13.1381,56.3596],[13.1262,56.3556],[12.9918,56.3597],[12.9803,56.3704],[12.9532,56.3725],[12.9364,56.3695],[12.9068,56.3801],[12.8799,56.3837],[12.8709,56.4002],[12.8489,56.4065],[12.8498,56.4305]]]]}}]}